<?xml version = '1.0' encoding = 'UTF-8'?>
<FKIndexAssociation class="oracle.dbtools.crest.model.design.relational.FKIndexAssociation" directorySegmentName="seg_0" id="107AF1C9-50A3-3790-9020-C4B83CCC0B0C" containerWithKeyObject="3EA8CCF7-7FB9-D949-D261-82ADA872F814" localFKIndex="7EFA0086-221A-A593-6DAA-D35C8FAEF3E3" name="Relation_2_Livros_FK">
<createdBy>root</createdBy>
<createdTime>2021-08-13 18:56:10 UTC</createdTime>
<generatorID>39EDE621-0D92-F4A4-CDF3-E222F38B1282</generatorID>
<ownerDesignName>atividade_lab_banco</ownerDesignName>
<referredTableLongName>Livros</referredTableLongName>
<deleteRule>NO ACTION</deleteRule>
<referredTableID>7F9B016F-6066-2300-42C4-4B66F1C60389</referredTableID>
<keyObject>A22BCC34-60D1-9B45-3A4A-ACFF6A603797</keyObject>
<referredKeyID>A22BCC34-60D1-9B45-3A4A-ACFF6A603797</referredKeyID>
<mandatory>true</mandatory>
<refColNames>lvr_id</refColNames>
<transferable>true</transferable>
<rely>false</rely>
<columnDependencyConstraintGenerateInDDL>true</columnDependencyConstraintGenerateInDDL>
</FKIndexAssociation>