<?xml version = '1.0' encoding = 'UTF-8'?>
<FKIndexAssociation class="oracle.dbtools.crest.model.design.relational.FKIndexAssociation" directorySegmentName="seg_0" id="3F2BDD15-63F4-6BEF-6034-1465722274CE" containerWithKeyObject="3EA8CCF7-7FB9-D949-D261-82ADA872F814" localFKIndex="AC496E95-BE0B-B5A3-C33F-19394CE53E37" name="Relation_2_Autores_FK">
<createdBy>root</createdBy>
<createdTime>2021-08-13 18:56:11 UTC</createdTime>
<generatorID>39EDE621-0D92-F4A4-CDF3-E222F38B1282</generatorID>
<ownerDesignName>atividade_lab_banco</ownerDesignName>
<referredTableLongName>Autores</referredTableLongName>
<deleteRule>NO ACTION</deleteRule>
<referredTableID>B6BD2A34-53C7-B2F9-894F-334D9B73D8B5</referredTableID>
<keyObject>30111570-9464-7328-5BE6-3A872514F9B3</keyObject>
<referredKeyID>30111570-9464-7328-5BE6-3A872514F9B3</referredKeyID>
<mandatory>true</mandatory>
<refColNames>aut_id</refColNames>
<transferable>true</transferable>
<rely>false</rely>
<columnDependencyConstraintGenerateInDDL>true</columnDependencyConstraintGenerateInDDL>
</FKIndexAssociation>