<?xml version = '1.0' encoding = 'UTF-8'?>
<FKIndexAssociation class="oracle.dbtools.crest.model.design.relational.FKIndexAssociation" directorySegmentName="seg_0" id="E69906A2-F52E-3A99-376E-4E961D9FAAA1" containerWithKeyObject="CDE6DFF4-071E-BA1C-C36D-3E442865F1BD" localFKIndex="29D9DEE9-9F6F-9EBC-7AD4-605A06D66455" name="Relation_1_Categorias_FK">
<createdBy>root</createdBy>
<createdTime>2021-08-13 18:56:10 UTC</createdTime>
<generatorID>B4F696D9-1160-BB64-050D-6D28CF8188C2</generatorID>
<ownerDesignName>atividade_lab_banco</ownerDesignName>
<referredTableLongName>Categorias</referredTableLongName>
<deleteRule>NO ACTION</deleteRule>
<referredTableID>DF4EC46E-50C1-5477-72DF-F1E610F6D2E3</referredTableID>
<keyObject>081F5E60-DC93-F4B7-82B1-6CD7C05CDDE8</keyObject>
<referredKeyID>081F5E60-DC93-F4B7-82B1-6CD7C05CDDE8</referredKeyID>
<mandatory>true</mandatory>
<refColNames>cat_id</refColNames>
<transferable>true</transferable>
<rely>false</rely>
<columnDependencyConstraintGenerateInDDL>true</columnDependencyConstraintGenerateInDDL>
</FKIndexAssociation>