INSERT INTO LIVROS(lvr_id,lvr_preco_capa,lvr_preco_venda,lvr_nome) VALUES (1,12,82,'sapien, gravida');
INSERT INTO LIVROS(lvr_id,lvr_preco_capa,lvr_preco_venda,lvr_nome) VALUES (2,7,89,'mauris, rhoncus');
INSERT INTO LIVROS(lvr_id,lvr_preco_capa,lvr_preco_venda,lvr_nome) VALUES (3,33,83,'tortor nibh');
INSERT INTO LIVROS(lvr_id,lvr_preco_capa,lvr_preco_venda,lvr_nome) VALUES (4,57,83,'posuere cubilia');
INSERT INTO LIVROS(lvr_id,lvr_preco_capa,lvr_preco_venda,lvr_nome) VALUES (5,39,82,'enim. Etiam');
INSERT INTO LIVROS(lvr_id,lvr_preco_capa,lvr_preco_venda,lvr_nome) VALUES (6,13,71,'id nunc');
INSERT INTO LIVROS(lvr_id,lvr_preco_capa,lvr_preco_venda,lvr_nome) VALUES (7,13,90,'euismod et,');
INSERT INTO LIVROS(lvr_id,lvr_preco_capa,lvr_preco_venda,lvr_nome) VALUES (8,22,74,'dolor sit');
INSERT INTO LIVROS(lvr_id,lvr_preco_capa,lvr_preco_venda,lvr_nome) VALUES (9,32,93,'Proin non');
INSERT INTO LIVROS(lvr_id,lvr_preco_capa,lvr_preco_venda,lvr_nome) VALUES (10,7,97,'cursus a,');
INSERT INTO LIVROS(lvr_id,lvr_preco_capa,lvr_preco_venda,lvr_nome) VALUES (11,25,70,'litora torquent');
INSERT INTO LIVROS(lvr_id,lvr_preco_capa,lvr_preco_venda,lvr_nome) VALUES (12,28,76,'Pellentesque ut');
INSERT INTO LIVROS(lvr_id,lvr_preco_capa,lvr_preco_venda,lvr_nome) VALUES (13,8,73,'lorem eu');
INSERT INTO LIVROS(lvr_id,lvr_preco_capa,lvr_preco_venda,lvr_nome) VALUES (14,24,81,'convallis erat,');
INSERT INTO LIVROS(lvr_id,lvr_preco_capa,lvr_preco_venda,lvr_nome) VALUES (15,63,97,'ante, iaculis');
INSERT INTO LIVROS(lvr_id,lvr_preco_capa,lvr_preco_venda,lvr_nome) VALUES (16,54,86,'Morbi quis');
INSERT INTO LIVROS(lvr_id,lvr_preco_capa,lvr_preco_venda,lvr_nome) VALUES (17,53,71,'vitae purus');
INSERT INTO LIVROS(lvr_id,lvr_preco_capa,lvr_preco_venda,lvr_nome) VALUES (18,34,86,'eget metus.');
INSERT INTO LIVROS(lvr_id,lvr_preco_capa,lvr_preco_venda,lvr_nome) VALUES (19,28,95,'montes, nascetur');
INSERT INTO LIVROS(lvr_id,lvr_preco_capa,lvr_preco_venda,lvr_nome) VALUES (20,18,96,'elementum purus,');
INSERT INTO LIVROS(lvr_id,lvr_preco_capa,lvr_preco_venda,lvr_nome) VALUES (21,14,87,'scelerisque neque');
INSERT INTO LIVROS(lvr_id,lvr_preco_capa,lvr_preco_venda,lvr_nome) VALUES (22,69,96,'scelerisque, lorem');
INSERT INTO LIVROS(lvr_id,lvr_preco_capa,lvr_preco_venda,lvr_nome) VALUES (23,57,70,'egestas. Sed');
INSERT INTO LIVROS(lvr_id,lvr_preco_capa,lvr_preco_venda,lvr_nome) VALUES (24,40,90,'scelerisque scelerisque');
INSERT INTO LIVROS(lvr_id,lvr_preco_capa,lvr_preco_venda,lvr_nome) VALUES (25,6,78,'luctus aliquet');
INSERT INTO LIVROS(lvr_id,lvr_preco_capa,lvr_preco_venda,lvr_nome) VALUES (26,45,83,'taciti sociosqu');
INSERT INTO LIVROS(lvr_id,lvr_preco_capa,lvr_preco_venda,lvr_nome) VALUES (27,16,70,'et ultrices');
INSERT INTO LIVROS(lvr_id,lvr_preco_capa,lvr_preco_venda,lvr_nome) VALUES (28,39,88,'ac arcu.');
INSERT INTO LIVROS(lvr_id,lvr_preco_capa,lvr_preco_venda,lvr_nome) VALUES (29,61,91,'montes, nascetur');
INSERT INTO LIVROS(lvr_id,lvr_preco_capa,lvr_preco_venda,lvr_nome) VALUES (30,5,90,'Duis risus');
INSERT INTO LIVROS(lvr_id,lvr_preco_capa,lvr_preco_venda,lvr_nome) VALUES (31,36,73,'Integer id');
INSERT INTO LIVROS(lvr_id,lvr_preco_capa,lvr_preco_venda,lvr_nome) VALUES (32,32,80,'Phasellus vitae');
INSERT INTO LIVROS(lvr_id,lvr_preco_capa,lvr_preco_venda,lvr_nome) VALUES (33,32,85,'amet luctus');
INSERT INTO LIVROS(lvr_id,lvr_preco_capa,lvr_preco_venda,lvr_nome) VALUES (34,13,80,'lacus. Aliquam');
INSERT INTO LIVROS(lvr_id,lvr_preco_capa,lvr_preco_venda,lvr_nome) VALUES (35,3,92,'Etiam vestibulum');
INSERT INTO LIVROS(lvr_id,lvr_preco_capa,lvr_preco_venda,lvr_nome) VALUES (36,51,97,'Fusce feugiat.');
INSERT INTO LIVROS(lvr_id,lvr_preco_capa,lvr_preco_venda,lvr_nome) VALUES (37,51,84,'vel pede');
INSERT INTO LIVROS(lvr_id,lvr_preco_capa,lvr_preco_venda,lvr_nome) VALUES (38,3,98,'condimentum. Donec');
INSERT INTO LIVROS(lvr_id,lvr_preco_capa,lvr_preco_venda,lvr_nome) VALUES (39,18,96,'vulputate dui,');
INSERT INTO LIVROS(lvr_id,lvr_preco_capa,lvr_preco_venda,lvr_nome) VALUES (40,3,96,'Aliquam adipiscing');
INSERT INTO LIVROS(lvr_id,lvr_preco_capa,lvr_preco_venda,lvr_nome) VALUES (41,35,78,'Phasellus at');
INSERT INTO LIVROS(lvr_id,lvr_preco_capa,lvr_preco_venda,lvr_nome) VALUES (42,31,99,'lacus. Aliquam');
INSERT INTO LIVROS(lvr_id,lvr_preco_capa,lvr_preco_venda,lvr_nome) VALUES (43,42,84,'pellentesque a,');
INSERT INTO LIVROS(lvr_id,lvr_preco_capa,lvr_preco_venda,lvr_nome) VALUES (44,25,76,'Duis risus');
INSERT INTO LIVROS(lvr_id,lvr_preco_capa,lvr_preco_venda,lvr_nome) VALUES (45,7,91,'odio a');
INSERT INTO LIVROS(lvr_id,lvr_preco_capa,lvr_preco_venda,lvr_nome) VALUES (46,1,78,'dapibus quam');
INSERT INTO LIVROS(lvr_id,lvr_preco_capa,lvr_preco_venda,lvr_nome) VALUES (47,33,97,'Vivamus sit');
INSERT INTO LIVROS(lvr_id,lvr_preco_capa,lvr_preco_venda,lvr_nome) VALUES (48,6,75,'vel lectus.');
INSERT INTO LIVROS(lvr_id,lvr_preco_capa,lvr_preco_venda,lvr_nome) VALUES (49,20,81,'nisi a');
INSERT INTO LIVROS(lvr_id,lvr_preco_capa,lvr_preco_venda,lvr_nome) VALUES (50,57,84,'amet ante.');
INSERT INTO LIVROS(lvr_id,lvr_preco_capa,lvr_preco_venda,lvr_nome) VALUES (51,48,73,'Fusce feugiat.');
INSERT INTO LIVROS(lvr_id,lvr_preco_capa,lvr_preco_venda,lvr_nome) VALUES (52,14,86,'Sed eu');
INSERT INTO LIVROS(lvr_id,lvr_preco_capa,lvr_preco_venda,lvr_nome) VALUES (53,66,76,'vitae erat');
INSERT INTO LIVROS(lvr_id,lvr_preco_capa,lvr_preco_venda,lvr_nome) VALUES (54,46,98,'Nullam vitae');
INSERT INTO LIVROS(lvr_id,lvr_preco_capa,lvr_preco_venda,lvr_nome) VALUES (55,18,71,'tempor bibendum.');
INSERT INTO LIVROS(lvr_id,lvr_preco_capa,lvr_preco_venda,lvr_nome) VALUES (56,58,90,'ac metus');
INSERT INTO LIVROS(lvr_id,lvr_preco_capa,lvr_preco_venda,lvr_nome) VALUES (57,53,89,'Proin eget');
INSERT INTO LIVROS(lvr_id,lvr_preco_capa,lvr_preco_venda,lvr_nome) VALUES (58,48,77,'ac mattis');
INSERT INTO LIVROS(lvr_id,lvr_preco_capa,lvr_preco_venda,lvr_nome) VALUES (59,11,88,'et magnis');
INSERT INTO LIVROS(lvr_id,lvr_preco_capa,lvr_preco_venda,lvr_nome) VALUES (60,55,96,'Vivamus molestie');
INSERT INTO LIVROS(lvr_id,lvr_preco_capa,lvr_preco_venda,lvr_nome) VALUES (61,39,86,'Duis risus');
INSERT INTO LIVROS(lvr_id,lvr_preco_capa,lvr_preco_venda,lvr_nome) VALUES (62,63,81,'ac sem');
INSERT INTO LIVROS(lvr_id,lvr_preco_capa,lvr_preco_venda,lvr_nome) VALUES (63,41,89,'Nam tempor');
INSERT INTO LIVROS(lvr_id,lvr_preco_capa,lvr_preco_venda,lvr_nome) VALUES (64,26,85,'commodo ipsum.');
INSERT INTO LIVROS(lvr_id,lvr_preco_capa,lvr_preco_venda,lvr_nome) VALUES (65,23,98,'ante. Vivamus');
INSERT INTO LIVROS(lvr_id,lvr_preco_capa,lvr_preco_venda,lvr_nome) VALUES (66,53,93,'Donec non');
INSERT INTO LIVROS(lvr_id,lvr_preco_capa,lvr_preco_venda,lvr_nome) VALUES (67,69,75,'pellentesque massa');
INSERT INTO LIVROS(lvr_id,lvr_preco_capa,lvr_preco_venda,lvr_nome) VALUES (68,30,91,'tincidunt vehicula');
INSERT INTO LIVROS(lvr_id,lvr_preco_capa,lvr_preco_venda,lvr_nome) VALUES (69,51,71,'est, mollis');
INSERT INTO LIVROS(lvr_id,lvr_preco_capa,lvr_preco_venda,lvr_nome) VALUES (70,43,81,'dolor sit');
INSERT INTO LIVROS(lvr_id,lvr_preco_capa,lvr_preco_venda,lvr_nome) VALUES (71,3,82,'lobortis risus.');
INSERT INTO LIVROS(lvr_id,lvr_preco_capa,lvr_preco_venda,lvr_nome) VALUES (72,18,78,'ultrices a,');
INSERT INTO LIVROS(lvr_id,lvr_preco_capa,lvr_preco_venda,lvr_nome) VALUES (73,55,88,'neque pellentesque');
INSERT INTO LIVROS(lvr_id,lvr_preco_capa,lvr_preco_venda,lvr_nome) VALUES (74,10,76,'at, libero.');
INSERT INTO LIVROS(lvr_id,lvr_preco_capa,lvr_preco_venda,lvr_nome) VALUES (75,39,71,'erat. Etiam');
INSERT INTO LIVROS(lvr_id,lvr_preco_capa,lvr_preco_venda,lvr_nome) VALUES (76,67,100,'lectus. Nullam');
INSERT INTO LIVROS(lvr_id,lvr_preco_capa,lvr_preco_venda,lvr_nome) VALUES (77,2,92,'eu, ligula.');
INSERT INTO LIVROS(lvr_id,lvr_preco_capa,lvr_preco_venda,lvr_nome) VALUES (78,31,85,'aptent taciti');
INSERT INTO LIVROS(lvr_id,lvr_preco_capa,lvr_preco_venda,lvr_nome) VALUES (79,4,92,'tincidunt aliquam');
INSERT INTO LIVROS(lvr_id,lvr_preco_capa,lvr_preco_venda,lvr_nome) VALUES (80,2,81,'magna a');
INSERT INTO LIVROS(lvr_id,lvr_preco_capa,lvr_preco_venda,lvr_nome) VALUES (81,18,87,'nec quam.');
INSERT INTO LIVROS(lvr_id,lvr_preco_capa,lvr_preco_venda,lvr_nome) VALUES (82,31,76,'consectetuer mauris');
INSERT INTO LIVROS(lvr_id,lvr_preco_capa,lvr_preco_venda,lvr_nome) VALUES (83,44,75,'eros. Nam');
INSERT INTO LIVROS(lvr_id,lvr_preco_capa,lvr_preco_venda,lvr_nome) VALUES (84,4,87,'semper tellus');
INSERT INTO LIVROS(lvr_id,lvr_preco_capa,lvr_preco_venda,lvr_nome) VALUES (85,34,78,'urna. Nunc');
INSERT INTO LIVROS(lvr_id,lvr_preco_capa,lvr_preco_venda,lvr_nome) VALUES (86,38,97,'Ut sagittis');
INSERT INTO LIVROS(lvr_id,lvr_preco_capa,lvr_preco_venda,lvr_nome) VALUES (87,51,79,'Phasellus dapibus');
INSERT INTO LIVROS(lvr_id,lvr_preco_capa,lvr_preco_venda,lvr_nome) VALUES (88,14,74,'sollicitudin a,');
INSERT INTO LIVROS(lvr_id,lvr_preco_capa,lvr_preco_venda,lvr_nome) VALUES (89,25,80,'pede. Nunc');
INSERT INTO LIVROS(lvr_id,lvr_preco_capa,lvr_preco_venda,lvr_nome) VALUES (90,12,76,'Ut tincidunt');
INSERT INTO LIVROS(lvr_id,lvr_preco_capa,lvr_preco_venda,lvr_nome) VALUES (91,32,79,'mauris. Integer');
INSERT INTO LIVROS(lvr_id,lvr_preco_capa,lvr_preco_venda,lvr_nome) VALUES (92,15,83,'felis. Donec');
INSERT INTO LIVROS(lvr_id,lvr_preco_capa,lvr_preco_venda,lvr_nome) VALUES (93,28,96,'risus a');
INSERT INTO LIVROS(lvr_id,lvr_preco_capa,lvr_preco_venda,lvr_nome) VALUES (94,27,83,'ornare. Fusce');
INSERT INTO LIVROS(lvr_id,lvr_preco_capa,lvr_preco_venda,lvr_nome) VALUES (95,11,96,'hendrerit neque.');
INSERT INTO LIVROS(lvr_id,lvr_preco_capa,lvr_preco_venda,lvr_nome) VALUES (96,68,83,'augue. Sed');
INSERT INTO LIVROS(lvr_id,lvr_preco_capa,lvr_preco_venda,lvr_nome) VALUES (97,8,71,'id, mollis');
INSERT INTO LIVROS(lvr_id,lvr_preco_capa,lvr_preco_venda,lvr_nome) VALUES (98,15,89,'lobortis, nisi');
INSERT INTO LIVROS(lvr_id,lvr_preco_capa,lvr_preco_venda,lvr_nome) VALUES (99,26,90,'risus. In');
INSERT INTO LIVROS(lvr_id,lvr_preco_capa,lvr_preco_venda,lvr_nome) VALUES (100,63,85,'in consectetuer');
INSERT INTO LIVROS(lvr_id,lvr_preco_capa,lvr_preco_venda,lvr_nome) VALUES (101,59,87,'montes, nascetur');
INSERT INTO LIVROS(lvr_id,lvr_preco_capa,lvr_preco_venda,lvr_nome) VALUES (102,58,75,'Ut nec');
INSERT INTO LIVROS(lvr_id,lvr_preco_capa,lvr_preco_venda,lvr_nome) VALUES (103,8,97,'aliquet libero.');
INSERT INTO LIVROS(lvr_id,lvr_preco_capa,lvr_preco_venda,lvr_nome) VALUES (104,69,91,'commodo at,');
INSERT INTO LIVROS(lvr_id,lvr_preco_capa,lvr_preco_venda,lvr_nome) VALUES (105,9,87,'neque vitae');
INSERT INTO LIVROS(lvr_id,lvr_preco_capa,lvr_preco_venda,lvr_nome) VALUES (106,13,79,'erat. Vivamus');
INSERT INTO LIVROS(lvr_id,lvr_preco_capa,lvr_preco_venda,lvr_nome) VALUES (107,31,87,'Cras eu');
INSERT INTO LIVROS(lvr_id,lvr_preco_capa,lvr_preco_venda,lvr_nome) VALUES (108,69,89,'augue. Sed');
INSERT INTO LIVROS(lvr_id,lvr_preco_capa,lvr_preco_venda,lvr_nome) VALUES (109,31,81,'ornare, libero');
INSERT INTO LIVROS(lvr_id,lvr_preco_capa,lvr_preco_venda,lvr_nome) VALUES (110,28,79,'Nunc quis');
INSERT INTO LIVROS(lvr_id,lvr_preco_capa,lvr_preco_venda,lvr_nome) VALUES (111,2,89,'a, malesuada');
INSERT INTO LIVROS(lvr_id,lvr_preco_capa,lvr_preco_venda,lvr_nome) VALUES (112,10,94,'eleifend, nunc');
INSERT INTO LIVROS(lvr_id,lvr_preco_capa,lvr_preco_venda,lvr_nome) VALUES (113,16,76,'neque. Morbi');
INSERT INTO LIVROS(lvr_id,lvr_preco_capa,lvr_preco_venda,lvr_nome) VALUES (114,20,89,'lorem tristique');
INSERT INTO LIVROS(lvr_id,lvr_preco_capa,lvr_preco_venda,lvr_nome) VALUES (115,28,87,'sagittis. Nullam');
INSERT INTO LIVROS(lvr_id,lvr_preco_capa,lvr_preco_venda,lvr_nome) VALUES (116,28,90,'nulla. In');
INSERT INTO LIVROS(lvr_id,lvr_preco_capa,lvr_preco_venda,lvr_nome) VALUES (117,15,76,'vulputate velit');
INSERT INTO LIVROS(lvr_id,lvr_preco_capa,lvr_preco_venda,lvr_nome) VALUES (118,49,78,'Donec consectetuer');
INSERT INTO LIVROS(lvr_id,lvr_preco_capa,lvr_preco_venda,lvr_nome) VALUES (119,29,76,'In condimentum.');
INSERT INTO LIVROS(lvr_id,lvr_preco_capa,lvr_preco_venda,lvr_nome) VALUES (120,10,83,'ut, nulla.');
INSERT INTO LIVROS(lvr_id,lvr_preco_capa,lvr_preco_venda,lvr_nome) VALUES (121,37,85,'primis in');
INSERT INTO LIVROS(lvr_id,lvr_preco_capa,lvr_preco_venda,lvr_nome) VALUES (122,30,92,'scelerisque, lorem');
INSERT INTO LIVROS(lvr_id,lvr_preco_capa,lvr_preco_venda,lvr_nome) VALUES (123,11,93,'nascetur ridiculus');
INSERT INTO LIVROS(lvr_id,lvr_preco_capa,lvr_preco_venda,lvr_nome) VALUES (124,69,86,'convallis est,');
INSERT INTO LIVROS(lvr_id,lvr_preco_capa,lvr_preco_venda,lvr_nome) VALUES (125,63,88,'Aliquam ultrices');
INSERT INTO LIVROS(lvr_id,lvr_preco_capa,lvr_preco_venda,lvr_nome) VALUES (126,15,97,'posuere, enim');
INSERT INTO LIVROS(lvr_id,lvr_preco_capa,lvr_preco_venda,lvr_nome) VALUES (127,54,90,'turpis. Aliquam');
INSERT INTO LIVROS(lvr_id,lvr_preco_capa,lvr_preco_venda,lvr_nome) VALUES (128,5,81,'vestibulum nec,');
INSERT INTO LIVROS(lvr_id,lvr_preco_capa,lvr_preco_venda,lvr_nome) VALUES (129,55,86,'vel arcu.');
INSERT INTO LIVROS(lvr_id,lvr_preco_capa,lvr_preco_venda,lvr_nome) VALUES (130,63,85,'at, egestas');
INSERT INTO LIVROS(lvr_id,lvr_preco_capa,lvr_preco_venda,lvr_nome) VALUES (131,68,98,'nisi nibh');
INSERT INTO LIVROS(lvr_id,lvr_preco_capa,lvr_preco_venda,lvr_nome) VALUES (132,21,94,'rutrum lorem');
INSERT INTO LIVROS(lvr_id,lvr_preco_capa,lvr_preco_venda,lvr_nome) VALUES (133,1,99,'nonummy. Fusce');
INSERT INTO LIVROS(lvr_id,lvr_preco_capa,lvr_preco_venda,lvr_nome) VALUES (134,33,90,'tempus scelerisque,');
INSERT INTO LIVROS(lvr_id,lvr_preco_capa,lvr_preco_venda,lvr_nome) VALUES (135,33,84,'neque tellus,');
INSERT INTO LIVROS(lvr_id,lvr_preco_capa,lvr_preco_venda,lvr_nome) VALUES (136,13,92,'tincidunt tempus');
INSERT INTO LIVROS(lvr_id,lvr_preco_capa,lvr_preco_venda,lvr_nome) VALUES (137,53,90,'lorem ipsum');
INSERT INTO LIVROS(lvr_id,lvr_preco_capa,lvr_preco_venda,lvr_nome) VALUES (138,15,93,'Phasellus libero');
INSERT INTO LIVROS(lvr_id,lvr_preco_capa,lvr_preco_venda,lvr_nome) VALUES (139,17,94,'facilisis non,');
INSERT INTO LIVROS(lvr_id,lvr_preco_capa,lvr_preco_venda,lvr_nome) VALUES (140,18,91,'risus. In');
INSERT INTO LIVROS(lvr_id,lvr_preco_capa,lvr_preco_venda,lvr_nome) VALUES (141,67,81,'a, magna.');
INSERT INTO LIVROS(lvr_id,lvr_preco_capa,lvr_preco_venda,lvr_nome) VALUES (142,12,97,'lorem, sit');
INSERT INTO LIVROS(lvr_id,lvr_preco_capa,lvr_preco_venda,lvr_nome) VALUES (143,11,82,'sed consequat');
INSERT INTO LIVROS(lvr_id,lvr_preco_capa,lvr_preco_venda,lvr_nome) VALUES (144,20,93,'vitae odio');
INSERT INTO LIVROS(lvr_id,lvr_preco_capa,lvr_preco_venda,lvr_nome) VALUES (145,14,87,'feugiat. Lorem');
INSERT INTO LIVROS(lvr_id,lvr_preco_capa,lvr_preco_venda,lvr_nome) VALUES (146,66,81,'eu, accumsan');
INSERT INTO LIVROS(lvr_id,lvr_preco_capa,lvr_preco_venda,lvr_nome) VALUES (147,51,93,'Donec at');
INSERT INTO LIVROS(lvr_id,lvr_preco_capa,lvr_preco_venda,lvr_nome) VALUES (148,53,73,'aptent taciti');
INSERT INTO LIVROS(lvr_id,lvr_preco_capa,lvr_preco_venda,lvr_nome) VALUES (149,15,74,'ac, feugiat');
INSERT INTO LIVROS(lvr_id,lvr_preco_capa,lvr_preco_venda,lvr_nome) VALUES (150,8,73,'aliquam eu,');
INSERT INTO LIVROS(lvr_id,lvr_preco_capa,lvr_preco_venda,lvr_nome) VALUES (151,53,75,'faucibus leo,');
INSERT INTO LIVROS(lvr_id,lvr_preco_capa,lvr_preco_venda,lvr_nome) VALUES (152,26,76,'eu eros.');
INSERT INTO LIVROS(lvr_id,lvr_preco_capa,lvr_preco_venda,lvr_nome) VALUES (153,30,85,'Curabitur ut');
INSERT INTO LIVROS(lvr_id,lvr_preco_capa,lvr_preco_venda,lvr_nome) VALUES (154,31,80,'Suspendisse commodo');
INSERT INTO LIVROS(lvr_id,lvr_preco_capa,lvr_preco_venda,lvr_nome) VALUES (155,46,91,'gravida. Aliquam');
INSERT INTO LIVROS(lvr_id,lvr_preco_capa,lvr_preco_venda,lvr_nome) VALUES (156,61,100,'Nunc mauris');
INSERT INTO LIVROS(lvr_id,lvr_preco_capa,lvr_preco_venda,lvr_nome) VALUES (157,31,85,'odio sagittis');
INSERT INTO LIVROS(lvr_id,lvr_preco_capa,lvr_preco_venda,lvr_nome) VALUES (158,69,75,'tincidunt dui');
INSERT INTO LIVROS(lvr_id,lvr_preco_capa,lvr_preco_venda,lvr_nome) VALUES (159,24,75,'eu, placerat');
INSERT INTO LIVROS(lvr_id,lvr_preco_capa,lvr_preco_venda,lvr_nome) VALUES (160,41,89,'a, arcu.');
INSERT INTO LIVROS(lvr_id,lvr_preco_capa,lvr_preco_venda,lvr_nome) VALUES (161,45,75,'ac urna.');
INSERT INTO LIVROS(lvr_id,lvr_preco_capa,lvr_preco_venda,lvr_nome) VALUES (162,49,96,'et risus.');
INSERT INTO LIVROS(lvr_id,lvr_preco_capa,lvr_preco_venda,lvr_nome) VALUES (163,59,75,'volutpat. Nulla');
INSERT INTO LIVROS(lvr_id,lvr_preco_capa,lvr_preco_venda,lvr_nome) VALUES (164,48,82,'facilisis non,');
INSERT INTO LIVROS(lvr_id,lvr_preco_capa,lvr_preco_venda,lvr_nome) VALUES (165,8,78,'diam dictum');
INSERT INTO LIVROS(lvr_id,lvr_preco_capa,lvr_preco_venda,lvr_nome) VALUES (166,69,71,'sem eget');
INSERT INTO LIVROS(lvr_id,lvr_preco_capa,lvr_preco_venda,lvr_nome) VALUES (167,1,97,'vestibulum lorem,');
INSERT INTO LIVROS(lvr_id,lvr_preco_capa,lvr_preco_venda,lvr_nome) VALUES (168,69,93,'Aliquam erat');
INSERT INTO LIVROS(lvr_id,lvr_preco_capa,lvr_preco_venda,lvr_nome) VALUES (169,64,76,'eleifend vitae,');
INSERT INTO LIVROS(lvr_id,lvr_preco_capa,lvr_preco_venda,lvr_nome) VALUES (170,60,82,'arcu. Vestibulum');
INSERT INTO LIVROS(lvr_id,lvr_preco_capa,lvr_preco_venda,lvr_nome) VALUES (171,2,79,'sit amet');
INSERT INTO LIVROS(lvr_id,lvr_preco_capa,lvr_preco_venda,lvr_nome) VALUES (172,46,80,'penatibus et');
INSERT INTO LIVROS(lvr_id,lvr_preco_capa,lvr_preco_venda,lvr_nome) VALUES (173,38,99,'in magna.');
INSERT INTO LIVROS(lvr_id,lvr_preco_capa,lvr_preco_venda,lvr_nome) VALUES (174,60,83,'ligula. Aenean');
INSERT INTO LIVROS(lvr_id,lvr_preco_capa,lvr_preco_venda,lvr_nome) VALUES (175,20,82,'non, luctus');
INSERT INTO LIVROS(lvr_id,lvr_preco_capa,lvr_preco_venda,lvr_nome) VALUES (176,56,85,'non ante');
INSERT INTO LIVROS(lvr_id,lvr_preco_capa,lvr_preco_venda,lvr_nome) VALUES (177,2,88,'Vestibulum ut');
INSERT INTO LIVROS(lvr_id,lvr_preco_capa,lvr_preco_venda,lvr_nome) VALUES (178,64,76,'blandit congue.');
INSERT INTO LIVROS(lvr_id,lvr_preco_capa,lvr_preco_venda,lvr_nome) VALUES (179,11,89,'augue id');
INSERT INTO LIVROS(lvr_id,lvr_preco_capa,lvr_preco_venda,lvr_nome) VALUES (180,13,98,'Duis sit');
INSERT INTO LIVROS(lvr_id,lvr_preco_capa,lvr_preco_venda,lvr_nome) VALUES (181,38,76,'Phasellus vitae');
INSERT INTO LIVROS(lvr_id,lvr_preco_capa,lvr_preco_venda,lvr_nome) VALUES (182,11,88,'sem, vitae');
INSERT INTO LIVROS(lvr_id,lvr_preco_capa,lvr_preco_venda,lvr_nome) VALUES (183,7,97,'molestie orci');
INSERT INTO LIVROS(lvr_id,lvr_preco_capa,lvr_preco_venda,lvr_nome) VALUES (184,67,91,'mollis non,');
INSERT INTO LIVROS(lvr_id,lvr_preco_capa,lvr_preco_venda,lvr_nome) VALUES (185,59,89,'Donec tempor,');
INSERT INTO LIVROS(lvr_id,lvr_preco_capa,lvr_preco_venda,lvr_nome) VALUES (186,50,76,'montes, nascetur');
INSERT INTO LIVROS(lvr_id,lvr_preco_capa,lvr_preco_venda,lvr_nome) VALUES (187,5,99,'in magna.');
INSERT INTO LIVROS(lvr_id,lvr_preco_capa,lvr_preco_venda,lvr_nome) VALUES (188,17,80,'Phasellus vitae');
INSERT INTO LIVROS(lvr_id,lvr_preco_capa,lvr_preco_venda,lvr_nome) VALUES (189,17,85,'feugiat metus');
INSERT INTO LIVROS(lvr_id,lvr_preco_capa,lvr_preco_venda,lvr_nome) VALUES (190,37,86,'vulputate velit');
INSERT INTO LIVROS(lvr_id,lvr_preco_capa,lvr_preco_venda,lvr_nome) VALUES (191,21,97,'aliquam arcu.');
INSERT INTO LIVROS(lvr_id,lvr_preco_capa,lvr_preco_venda,lvr_nome) VALUES (192,54,95,'vulputate eu,');
INSERT INTO LIVROS(lvr_id,lvr_preco_capa,lvr_preco_venda,lvr_nome) VALUES (193,5,87,'mi pede,');
INSERT INTO LIVROS(lvr_id,lvr_preco_capa,lvr_preco_venda,lvr_nome) VALUES (194,34,92,'non magna.');
INSERT INTO LIVROS(lvr_id,lvr_preco_capa,lvr_preco_venda,lvr_nome) VALUES (195,66,81,'penatibus et');
INSERT INTO LIVROS(lvr_id,lvr_preco_capa,lvr_preco_venda,lvr_nome) VALUES (196,27,93,'Fusce diam');
INSERT INTO LIVROS(lvr_id,lvr_preco_capa,lvr_preco_venda,lvr_nome) VALUES (197,64,99,'malesuada id,');
INSERT INTO LIVROS(lvr_id,lvr_preco_capa,lvr_preco_venda,lvr_nome) VALUES (198,42,80,'Duis risus');
INSERT INTO LIVROS(lvr_id,lvr_preco_capa,lvr_preco_venda,lvr_nome) VALUES (199,6,85,'mattis semper,');
INSERT INTO LIVROS(lvr_id,lvr_preco_capa,lvr_preco_venda,lvr_nome) VALUES (200,0,99,'et netus');
INSERT INTO LIVROS(lvr_id,lvr_preco_capa,lvr_preco_venda,lvr_nome) VALUES (201,17,88,'ac arcu.');
INSERT INTO LIVROS(lvr_id,lvr_preco_capa,lvr_preco_venda,lvr_nome) VALUES (202,22,88,'diam lorem,');
INSERT INTO LIVROS(lvr_id,lvr_preco_capa,lvr_preco_venda,lvr_nome) VALUES (203,61,91,'Donec tincidunt.');
INSERT INTO LIVROS(lvr_id,lvr_preco_capa,lvr_preco_venda,lvr_nome) VALUES (204,67,80,'lectus ante');
INSERT INTO LIVROS(lvr_id,lvr_preco_capa,lvr_preco_venda,lvr_nome) VALUES (205,27,76,'accumsan interdum');
INSERT INTO LIVROS(lvr_id,lvr_preco_capa,lvr_preco_venda,lvr_nome) VALUES (206,22,82,'vulputate ullamcorper');
INSERT INTO LIVROS(lvr_id,lvr_preco_capa,lvr_preco_venda,lvr_nome) VALUES (207,61,78,'augue id');
INSERT INTO LIVROS(lvr_id,lvr_preco_capa,lvr_preco_venda,lvr_nome) VALUES (208,45,92,'vel lectus.');
INSERT INTO LIVROS(lvr_id,lvr_preco_capa,lvr_preco_venda,lvr_nome) VALUES (209,5,77,'nostra, per');
INSERT INTO LIVROS(lvr_id,lvr_preco_capa,lvr_preco_venda,lvr_nome) VALUES (210,66,77,'libero lacus,');
INSERT INTO LIVROS(lvr_id,lvr_preco_capa,lvr_preco_venda,lvr_nome) VALUES (211,5,88,'in magna.');
INSERT INTO LIVROS(lvr_id,lvr_preco_capa,lvr_preco_venda,lvr_nome) VALUES (212,56,70,'ultrices iaculis');
INSERT INTO LIVROS(lvr_id,lvr_preco_capa,lvr_preco_venda,lvr_nome) VALUES (213,10,89,'orci luctus');
INSERT INTO LIVROS(lvr_id,lvr_preco_capa,lvr_preco_venda,lvr_nome) VALUES (214,43,70,'velit. Sed');
INSERT INTO LIVROS(lvr_id,lvr_preco_capa,lvr_preco_venda,lvr_nome) VALUES (215,31,76,'vestibulum nec,');
INSERT INTO LIVROS(lvr_id,lvr_preco_capa,lvr_preco_venda,lvr_nome) VALUES (216,4,92,'lobortis quam');
INSERT INTO LIVROS(lvr_id,lvr_preco_capa,lvr_preco_venda,lvr_nome) VALUES (217,51,96,'Mauris vestibulum,');
INSERT INTO LIVROS(lvr_id,lvr_preco_capa,lvr_preco_venda,lvr_nome) VALUES (218,1,78,'mus. Donec');
INSERT INTO LIVROS(lvr_id,lvr_preco_capa,lvr_preco_venda,lvr_nome) VALUES (219,66,82,'commodo ipsum.');
INSERT INTO LIVROS(lvr_id,lvr_preco_capa,lvr_preco_venda,lvr_nome) VALUES (220,61,97,'consectetuer mauris');
INSERT INTO LIVROS(lvr_id,lvr_preco_capa,lvr_preco_venda,lvr_nome) VALUES (221,38,81,'Duis volutpat');
INSERT INTO LIVROS(lvr_id,lvr_preco_capa,lvr_preco_venda,lvr_nome) VALUES (222,26,91,'ante lectus');
INSERT INTO LIVROS(lvr_id,lvr_preco_capa,lvr_preco_venda,lvr_nome) VALUES (223,2,95,'dui. Suspendisse');
INSERT INTO LIVROS(lvr_id,lvr_preco_capa,lvr_preco_venda,lvr_nome) VALUES (224,59,87,'lectus ante');
INSERT INTO LIVROS(lvr_id,lvr_preco_capa,lvr_preco_venda,lvr_nome) VALUES (225,40,82,'Proin vel');
INSERT INTO LIVROS(lvr_id,lvr_preco_capa,lvr_preco_venda,lvr_nome) VALUES (226,33,72,'Sed eget');
INSERT INTO LIVROS(lvr_id,lvr_preco_capa,lvr_preco_venda,lvr_nome) VALUES (227,1,96,'lacus. Nulla');
INSERT INTO LIVROS(lvr_id,lvr_preco_capa,lvr_preco_venda,lvr_nome) VALUES (228,41,88,'lobortis, nisi');
INSERT INTO LIVROS(lvr_id,lvr_preco_capa,lvr_preco_venda,lvr_nome) VALUES (229,9,98,'et magnis');
INSERT INTO LIVROS(lvr_id,lvr_preco_capa,lvr_preco_venda,lvr_nome) VALUES (230,28,93,'hendrerit. Donec');
INSERT INTO LIVROS(lvr_id,lvr_preco_capa,lvr_preco_venda,lvr_nome) VALUES (231,17,70,'sit amet');
INSERT INTO LIVROS(lvr_id,lvr_preco_capa,lvr_preco_venda,lvr_nome) VALUES (232,12,96,'nibh enim,');
INSERT INTO LIVROS(lvr_id,lvr_preco_capa,lvr_preco_venda,lvr_nome) VALUES (233,60,93,'nec luctus');
INSERT INTO LIVROS(lvr_id,lvr_preco_capa,lvr_preco_venda,lvr_nome) VALUES (234,57,96,'justo nec');
INSERT INTO LIVROS(lvr_id,lvr_preco_capa,lvr_preco_venda,lvr_nome) VALUES (235,17,76,'id, libero.');
INSERT INTO LIVROS(lvr_id,lvr_preco_capa,lvr_preco_venda,lvr_nome) VALUES (236,5,96,'lacus. Ut');
INSERT INTO LIVROS(lvr_id,lvr_preco_capa,lvr_preco_venda,lvr_nome) VALUES (237,20,71,'aliquet magna');
INSERT INTO LIVROS(lvr_id,lvr_preco_capa,lvr_preco_venda,lvr_nome) VALUES (238,6,97,'enim. Curabitur');
INSERT INTO LIVROS(lvr_id,lvr_preco_capa,lvr_preco_venda,lvr_nome) VALUES (239,11,88,'tellus id');
INSERT INTO LIVROS(lvr_id,lvr_preco_capa,lvr_preco_venda,lvr_nome) VALUES (240,48,88,'odio tristique');
INSERT INTO LIVROS(lvr_id,lvr_preco_capa,lvr_preco_venda,lvr_nome) VALUES (241,23,81,'nisl. Nulla');
INSERT INTO LIVROS(lvr_id,lvr_preco_capa,lvr_preco_venda,lvr_nome) VALUES (242,17,98,'fringilla purus');
INSERT INTO LIVROS(lvr_id,lvr_preco_capa,lvr_preco_venda,lvr_nome) VALUES (243,41,80,'Donec nibh');
INSERT INTO LIVROS(lvr_id,lvr_preco_capa,lvr_preco_venda,lvr_nome) VALUES (244,34,86,'Suspendisse eleifend.');
INSERT INTO LIVROS(lvr_id,lvr_preco_capa,lvr_preco_venda,lvr_nome) VALUES (245,16,93,'risus a');
INSERT INTO LIVROS(lvr_id,lvr_preco_capa,lvr_preco_venda,lvr_nome) VALUES (246,2,71,'Suspendisse non');
INSERT INTO LIVROS(lvr_id,lvr_preco_capa,lvr_preco_venda,lvr_nome) VALUES (247,64,85,'est arcu');
INSERT INTO LIVROS(lvr_id,lvr_preco_capa,lvr_preco_venda,lvr_nome) VALUES (248,7,99,'eu turpis.');
INSERT INTO LIVROS(lvr_id,lvr_preco_capa,lvr_preco_venda,lvr_nome) VALUES (249,3,71,'Duis sit');
INSERT INTO LIVROS(lvr_id,lvr_preco_capa,lvr_preco_venda,lvr_nome) VALUES (250,44,96,'Vivamus nisi.');



INSERT INTO CATEGORIAS(cat_id,cat_nome) VALUES (1,'FICÇÃO LITERÁRIA');
INSERT INTO CATEGORIAS(cat_id,cat_nome) VALUES (2,'NÃO-FICÇÃO');
INSERT INTO CATEGORIAS(cat_id,cat_nome) VALUES (3,'SUSPENSE');
INSERT INTO CATEGORIAS(cat_id,cat_nome) VALUES (4,'POESIA');
INSERT INTO CATEGORIAS(cat_id,cat_nome) VALUES (5,'FICÇÃO CIENTÍFICA');
INSERT INTO CATEGORIAS(cat_id,cat_nome) VALUES (6,'HORROR');
INSERT INTO CATEGORIAS(cat_id,cat_nome) VALUES (7,'FANTASIA');
INSERT INTO CATEGORIAS(cat_id,cat_nome) VALUES (8,'ROMANCE');



INSERT INTO LIVROS_CATEGORIAS(lvc_lvr_id,lvc_cat_id) VALUES (203,6);
INSERT INTO LIVROS_CATEGORIAS(lvc_lvr_id,lvc_cat_id) VALUES (48,6);
INSERT INTO LIVROS_CATEGORIAS(lvc_lvr_id,lvc_cat_id) VALUES (185,2);
INSERT INTO LIVROS_CATEGORIAS(lvc_lvr_id,lvc_cat_id) VALUES (95,8);
INSERT INTO LIVROS_CATEGORIAS(lvc_lvr_id,lvc_cat_id) VALUES (108,6);
INSERT INTO LIVROS_CATEGORIAS(lvc_lvr_id,lvc_cat_id) VALUES (234,6);
INSERT INTO LIVROS_CATEGORIAS(lvc_lvr_id,lvc_cat_id) VALUES (147,1);
INSERT INTO LIVROS_CATEGORIAS(lvc_lvr_id,lvc_cat_id) VALUES (193,5);
INSERT INTO LIVROS_CATEGORIAS(lvc_lvr_id,lvc_cat_id) VALUES (7,3);
INSERT INTO LIVROS_CATEGORIAS(lvc_lvr_id,lvc_cat_id) VALUES (1,2);
INSERT INTO LIVROS_CATEGORIAS(lvc_lvr_id,lvc_cat_id) VALUES (16,5);
INSERT INTO LIVROS_CATEGORIAS(lvc_lvr_id,lvc_cat_id) VALUES (190,3);
INSERT INTO LIVROS_CATEGORIAS(lvc_lvr_id,lvc_cat_id) VALUES (13,5);
INSERT INTO LIVROS_CATEGORIAS(lvc_lvr_id,lvc_cat_id) VALUES (72,2);
INSERT INTO LIVROS_CATEGORIAS(lvc_lvr_id,lvc_cat_id) VALUES (87,4);
INSERT INTO LIVROS_CATEGORIAS(lvc_lvr_id,lvc_cat_id) VALUES (137,1);
INSERT INTO LIVROS_CATEGORIAS(lvc_lvr_id,lvc_cat_id) VALUES (243,6);
INSERT INTO LIVROS_CATEGORIAS(lvc_lvr_id,lvc_cat_id) VALUES (166,5);
INSERT INTO LIVROS_CATEGORIAS(lvc_lvr_id,lvc_cat_id) VALUES (173,5);
INSERT INTO LIVROS_CATEGORIAS(lvc_lvr_id,lvc_cat_id) VALUES (169,1);
INSERT INTO LIVROS_CATEGORIAS(lvc_lvr_id,lvc_cat_id) VALUES (181,1);
INSERT INTO LIVROS_CATEGORIAS(lvc_lvr_id,lvc_cat_id) VALUES (6,4);
INSERT INTO LIVROS_CATEGORIAS(lvc_lvr_id,lvc_cat_id) VALUES (119,7);
INSERT INTO LIVROS_CATEGORIAS(lvc_lvr_id,lvc_cat_id) VALUES (203,5);
INSERT INTO LIVROS_CATEGORIAS(lvc_lvr_id,lvc_cat_id) VALUES (16,4);
INSERT INTO LIVROS_CATEGORIAS(lvc_lvr_id,lvc_cat_id) VALUES (65,5);
INSERT INTO LIVROS_CATEGORIAS(lvc_lvr_id,lvc_cat_id) VALUES (212,6);
INSERT INTO LIVROS_CATEGORIAS(lvc_lvr_id,lvc_cat_id) VALUES (76,2);
INSERT INTO LIVROS_CATEGORIAS(lvc_lvr_id,lvc_cat_id) VALUES (13,4);
INSERT INTO LIVROS_CATEGORIAS(lvc_lvr_id,lvc_cat_id) VALUES (88,6);
INSERT INTO LIVROS_CATEGORIAS(lvc_lvr_id,lvc_cat_id) VALUES (74,3);
INSERT INTO LIVROS_CATEGORIAS(lvc_lvr_id,lvc_cat_id) VALUES (146,6);
INSERT INTO LIVROS_CATEGORIAS(lvc_lvr_id,lvc_cat_id) VALUES (213,4);
INSERT INTO LIVROS_CATEGORIAS(lvc_lvr_id,lvc_cat_id) VALUES (129,5);
INSERT INTO LIVROS_CATEGORIAS(lvc_lvr_id,lvc_cat_id) VALUES (20,8);
INSERT INTO LIVROS_CATEGORIAS(lvc_lvr_id,lvc_cat_id) VALUES (146,7);
INSERT INTO LIVROS_CATEGORIAS(lvc_lvr_id,lvc_cat_id) VALUES (69,7);
INSERT INTO LIVROS_CATEGORIAS(lvc_lvr_id,lvc_cat_id) VALUES (203,7);
INSERT INTO LIVROS_CATEGORIAS(lvc_lvr_id,lvc_cat_id) VALUES (143,6);
INSERT INTO LIVROS_CATEGORIAS(lvc_lvr_id,lvc_cat_id) VALUES (108,6);
INSERT INTO LIVROS_CATEGORIAS(lvc_lvr_id,lvc_cat_id) VALUES (95,6);
INSERT INTO LIVROS_CATEGORIAS(lvc_lvr_id,lvc_cat_id) VALUES (97,2);
INSERT INTO LIVROS_CATEGORIAS(lvc_lvr_id,lvc_cat_id) VALUES (192,6);
INSERT INTO LIVROS_CATEGORIAS(lvc_lvr_id,lvc_cat_id) VALUES (165,5);
INSERT INTO LIVROS_CATEGORIAS(lvc_lvr_id,lvc_cat_id) VALUES (207,1);
INSERT INTO LIVROS_CATEGORIAS(lvc_lvr_id,lvc_cat_id) VALUES (83,6);
INSERT INTO LIVROS_CATEGORIAS(lvc_lvr_id,lvc_cat_id) VALUES (232,7);
INSERT INTO LIVROS_CATEGORIAS(lvc_lvr_id,lvc_cat_id) VALUES (195,5);
INSERT INTO LIVROS_CATEGORIAS(lvc_lvr_id,lvc_cat_id) VALUES (132,6);
INSERT INTO LIVROS_CATEGORIAS(lvc_lvr_id,lvc_cat_id) VALUES (211,3);
INSERT INTO LIVROS_CATEGORIAS(lvc_lvr_id,lvc_cat_id) VALUES (243,7);
INSERT INTO LIVROS_CATEGORIAS(lvc_lvr_id,lvc_cat_id) VALUES (35,8);
INSERT INTO LIVROS_CATEGORIAS(lvc_lvr_id,lvc_cat_id) VALUES (122,6);
INSERT INTO LIVROS_CATEGORIAS(lvc_lvr_id,lvc_cat_id) VALUES (231,5);
INSERT INTO LIVROS_CATEGORIAS(lvc_lvr_id,lvc_cat_id) VALUES (30,2);
INSERT INTO LIVROS_CATEGORIAS(lvc_lvr_id,lvc_cat_id) VALUES (164,2);
INSERT INTO LIVROS_CATEGORIAS(lvc_lvr_id,lvc_cat_id) VALUES (47,8);
INSERT INTO LIVROS_CATEGORIAS(lvc_lvr_id,lvc_cat_id) VALUES (131,5);
INSERT INTO LIVROS_CATEGORIAS(lvc_lvr_id,lvc_cat_id) VALUES (19,4);
INSERT INTO LIVROS_CATEGORIAS(lvc_lvr_id,lvc_cat_id) VALUES (93,4);
INSERT INTO LIVROS_CATEGORIAS(lvc_lvr_id,lvc_cat_id) VALUES (117,4);
INSERT INTO LIVROS_CATEGORIAS(lvc_lvr_id,lvc_cat_id) VALUES (136,4);
INSERT INTO LIVROS_CATEGORIAS(lvc_lvr_id,lvc_cat_id) VALUES (132,5);
INSERT INTO LIVROS_CATEGORIAS(lvc_lvr_id,lvc_cat_id) VALUES (3,2);
INSERT INTO LIVROS_CATEGORIAS(lvc_lvr_id,lvc_cat_id) VALUES (154,2);
INSERT INTO LIVROS_CATEGORIAS(lvc_lvr_id,lvc_cat_id) VALUES (68,6);
INSERT INTO LIVROS_CATEGORIAS(lvc_lvr_id,lvc_cat_id) VALUES (226,7);
INSERT INTO LIVROS_CATEGORIAS(lvc_lvr_id,lvc_cat_id) VALUES (122,6);
INSERT INTO LIVROS_CATEGORIAS(lvc_lvr_id,lvc_cat_id) VALUES (71,1);
INSERT INTO LIVROS_CATEGORIAS(lvc_lvr_id,lvc_cat_id) VALUES (52,1);
INSERT INTO LIVROS_CATEGORIAS(lvc_lvr_id,lvc_cat_id) VALUES (22,3);
INSERT INTO LIVROS_CATEGORIAS(lvc_lvr_id,lvc_cat_id) VALUES (99,3);
INSERT INTO LIVROS_CATEGORIAS(lvc_lvr_id,lvc_cat_id) VALUES (59,1);
INSERT INTO LIVROS_CATEGORIAS(lvc_lvr_id,lvc_cat_id) VALUES (31,2);
INSERT INTO LIVROS_CATEGORIAS(lvc_lvr_id,lvc_cat_id) VALUES (111,5);
INSERT INTO LIVROS_CATEGORIAS(lvc_lvr_id,lvc_cat_id) VALUES (134,7);
INSERT INTO LIVROS_CATEGORIAS(lvc_lvr_id,lvc_cat_id) VALUES (201,1);
INSERT INTO LIVROS_CATEGORIAS(lvc_lvr_id,lvc_cat_id) VALUES (57,3);
INSERT INTO LIVROS_CATEGORIAS(lvc_lvr_id,lvc_cat_id) VALUES (140,8);
INSERT INTO LIVROS_CATEGORIAS(lvc_lvr_id,lvc_cat_id) VALUES (204,5);
INSERT INTO LIVROS_CATEGORIAS(lvc_lvr_id,lvc_cat_id) VALUES (220,5);
INSERT INTO LIVROS_CATEGORIAS(lvc_lvr_id,lvc_cat_id) VALUES (203,1);
INSERT INTO LIVROS_CATEGORIAS(lvc_lvr_id,lvc_cat_id) VALUES (15,6);
INSERT INTO LIVROS_CATEGORIAS(lvc_lvr_id,lvc_cat_id) VALUES (78,4);
INSERT INTO LIVROS_CATEGORIAS(lvc_lvr_id,lvc_cat_id) VALUES (154,1);
INSERT INTO LIVROS_CATEGORIAS(lvc_lvr_id,lvc_cat_id) VALUES (81,5);
INSERT INTO LIVROS_CATEGORIAS(lvc_lvr_id,lvc_cat_id) VALUES (76,2);
INSERT INTO LIVROS_CATEGORIAS(lvc_lvr_id,lvc_cat_id) VALUES (132,1);
INSERT INTO LIVROS_CATEGORIAS(lvc_lvr_id,lvc_cat_id) VALUES (222,5);
INSERT INTO LIVROS_CATEGORIAS(lvc_lvr_id,lvc_cat_id) VALUES (29,4);
INSERT INTO LIVROS_CATEGORIAS(lvc_lvr_id,lvc_cat_id) VALUES (201,6);
INSERT INTO LIVROS_CATEGORIAS(lvc_lvr_id,lvc_cat_id) VALUES (38,2);
INSERT INTO LIVROS_CATEGORIAS(lvc_lvr_id,lvc_cat_id) VALUES (114,6);
INSERT INTO LIVROS_CATEGORIAS(lvc_lvr_id,lvc_cat_id) VALUES (36,2);
INSERT INTO LIVROS_CATEGORIAS(lvc_lvr_id,lvc_cat_id) VALUES (120,5);
INSERT INTO LIVROS_CATEGORIAS(lvc_lvr_id,lvc_cat_id) VALUES (12,7);
INSERT INTO LIVROS_CATEGORIAS(lvc_lvr_id,lvc_cat_id) VALUES (245,8);
INSERT INTO LIVROS_CATEGORIAS(lvc_lvr_id,lvc_cat_id) VALUES (21,6);
INSERT INTO LIVROS_CATEGORIAS(lvc_lvr_id,lvc_cat_id) VALUES (129,6);
INSERT INTO LIVROS_CATEGORIAS(lvc_lvr_id,lvc_cat_id) VALUES (147,2);
INSERT INTO LIVROS_CATEGORIAS(lvc_lvr_id,lvc_cat_id) VALUES (189,6);
INSERT INTO LIVROS_CATEGORIAS(lvc_lvr_id,lvc_cat_id) VALUES (155,5);
INSERT INTO LIVROS_CATEGORIAS(lvc_lvr_id,lvc_cat_id) VALUES (67,5);
INSERT INTO LIVROS_CATEGORIAS(lvc_lvr_id,lvc_cat_id) VALUES (249,6);
INSERT INTO LIVROS_CATEGORIAS(lvc_lvr_id,lvc_cat_id) VALUES (164,3);
INSERT INTO LIVROS_CATEGORIAS(lvc_lvr_id,lvc_cat_id) VALUES (147,3);
INSERT INTO LIVROS_CATEGORIAS(lvc_lvr_id,lvc_cat_id) VALUES (91,6);
INSERT INTO LIVROS_CATEGORIAS(lvc_lvr_id,lvc_cat_id) VALUES (140,7);
INSERT INTO LIVROS_CATEGORIAS(lvc_lvr_id,lvc_cat_id) VALUES (64,6);
INSERT INTO LIVROS_CATEGORIAS(lvc_lvr_id,lvc_cat_id) VALUES (142,5);
INSERT INTO LIVROS_CATEGORIAS(lvc_lvr_id,lvc_cat_id) VALUES (224,6);
INSERT INTO LIVROS_CATEGORIAS(lvc_lvr_id,lvc_cat_id) VALUES (227,4);
INSERT INTO LIVROS_CATEGORIAS(lvc_lvr_id,lvc_cat_id) VALUES (130,6);
INSERT INTO LIVROS_CATEGORIAS(lvc_lvr_id,lvc_cat_id) VALUES (25,4);
INSERT INTO LIVROS_CATEGORIAS(lvc_lvr_id,lvc_cat_id) VALUES (94,4);
INSERT INTO LIVROS_CATEGORIAS(lvc_lvr_id,lvc_cat_id) VALUES (142,1);
INSERT INTO LIVROS_CATEGORIAS(lvc_lvr_id,lvc_cat_id) VALUES (20,1);
INSERT INTO LIVROS_CATEGORIAS(lvc_lvr_id,lvc_cat_id) VALUES (103,5);
INSERT INTO LIVROS_CATEGORIAS(lvc_lvr_id,lvc_cat_id) VALUES (185,3);
INSERT INTO LIVROS_CATEGORIAS(lvc_lvr_id,lvc_cat_id) VALUES (209,2);
INSERT INTO LIVROS_CATEGORIAS(lvc_lvr_id,lvc_cat_id) VALUES (146,4);
INSERT INTO LIVROS_CATEGORIAS(lvc_lvr_id,lvc_cat_id) VALUES (72,8);
INSERT INTO LIVROS_CATEGORIAS(lvc_lvr_id,lvc_cat_id) VALUES (67,2);
INSERT INTO LIVROS_CATEGORIAS(lvc_lvr_id,lvc_cat_id) VALUES (198,5);
INSERT INTO LIVROS_CATEGORIAS(lvc_lvr_id,lvc_cat_id) VALUES (182,3);
INSERT INTO LIVROS_CATEGORIAS(lvc_lvr_id,lvc_cat_id) VALUES (25,6);
INSERT INTO LIVROS_CATEGORIAS(lvc_lvr_id,lvc_cat_id) VALUES (83,4);
INSERT INTO LIVROS_CATEGORIAS(lvc_lvr_id,lvc_cat_id) VALUES (168,2);
INSERT INTO LIVROS_CATEGORIAS(lvc_lvr_id,lvc_cat_id) VALUES (244,8);
INSERT INTO LIVROS_CATEGORIAS(lvc_lvr_id,lvc_cat_id) VALUES (156,2);
INSERT INTO LIVROS_CATEGORIAS(lvc_lvr_id,lvc_cat_id) VALUES (208,4);
INSERT INTO LIVROS_CATEGORIAS(lvc_lvr_id,lvc_cat_id) VALUES (180,5);
INSERT INTO LIVROS_CATEGORIAS(lvc_lvr_id,lvc_cat_id) VALUES (84,2);
INSERT INTO LIVROS_CATEGORIAS(lvc_lvr_id,lvc_cat_id) VALUES (24,3);
INSERT INTO LIVROS_CATEGORIAS(lvc_lvr_id,lvc_cat_id) VALUES (155,8);
INSERT INTO LIVROS_CATEGORIAS(lvc_lvr_id,lvc_cat_id) VALUES (150,3);
INSERT INTO LIVROS_CATEGORIAS(lvc_lvr_id,lvc_cat_id) VALUES (204,1);
INSERT INTO LIVROS_CATEGORIAS(lvc_lvr_id,lvc_cat_id) VALUES (163,4);
INSERT INTO LIVROS_CATEGORIAS(lvc_lvr_id,lvc_cat_id) VALUES (209,7);
INSERT INTO LIVROS_CATEGORIAS(lvc_lvr_id,lvc_cat_id) VALUES (123,3);
INSERT INTO LIVROS_CATEGORIAS(lvc_lvr_id,lvc_cat_id) VALUES (14,6);
INSERT INTO LIVROS_CATEGORIAS(lvc_lvr_id,lvc_cat_id) VALUES (186,6);
INSERT INTO LIVROS_CATEGORIAS(lvc_lvr_id,lvc_cat_id) VALUES (203,3);
INSERT INTO LIVROS_CATEGORIAS(lvc_lvr_id,lvc_cat_id) VALUES (237,7);
INSERT INTO LIVROS_CATEGORIAS(lvc_lvr_id,lvc_cat_id) VALUES (174,6);
INSERT INTO LIVROS_CATEGORIAS(lvc_lvr_id,lvc_cat_id) VALUES (129,7);
INSERT INTO LIVROS_CATEGORIAS(lvc_lvr_id,lvc_cat_id) VALUES (94,5);
INSERT INTO LIVROS_CATEGORIAS(lvc_lvr_id,lvc_cat_id) VALUES (133,5);
INSERT INTO LIVROS_CATEGORIAS(lvc_lvr_id,lvc_cat_id) VALUES (133,7);
INSERT INTO LIVROS_CATEGORIAS(lvc_lvr_id,lvc_cat_id) VALUES (59,1);
INSERT INTO LIVROS_CATEGORIAS(lvc_lvr_id,lvc_cat_id) VALUES (130,7);
INSERT INTO LIVROS_CATEGORIAS(lvc_lvr_id,lvc_cat_id) VALUES (183,8);
INSERT INTO LIVROS_CATEGORIAS(lvc_lvr_id,lvc_cat_id) VALUES (11,5);
INSERT INTO LIVROS_CATEGORIAS(lvc_lvr_id,lvc_cat_id) VALUES (70,4);
INSERT INTO LIVROS_CATEGORIAS(lvc_lvr_id,lvc_cat_id) VALUES (230,1);
INSERT INTO LIVROS_CATEGORIAS(lvc_lvr_id,lvc_cat_id) VALUES (234,8);
INSERT INTO LIVROS_CATEGORIAS(lvc_lvr_id,lvc_cat_id) VALUES (27,6);
INSERT INTO LIVROS_CATEGORIAS(lvc_lvr_id,lvc_cat_id) VALUES (18,6);
INSERT INTO LIVROS_CATEGORIAS(lvc_lvr_id,lvc_cat_id) VALUES (85,5);
INSERT INTO LIVROS_CATEGORIAS(lvc_lvr_id,lvc_cat_id) VALUES (24,2);
INSERT INTO LIVROS_CATEGORIAS(lvc_lvr_id,lvc_cat_id) VALUES (82,6);
INSERT INTO LIVROS_CATEGORIAS(lvc_lvr_id,lvc_cat_id) VALUES (109,4);
INSERT INTO LIVROS_CATEGORIAS(lvc_lvr_id,lvc_cat_id) VALUES (245,4);
INSERT INTO LIVROS_CATEGORIAS(lvc_lvr_id,lvc_cat_id) VALUES (29,6);
INSERT INTO LIVROS_CATEGORIAS(lvc_lvr_id,lvc_cat_id) VALUES (198,4);
INSERT INTO LIVROS_CATEGORIAS(lvc_lvr_id,lvc_cat_id) VALUES (49,6);
INSERT INTO LIVROS_CATEGORIAS(lvc_lvr_id,lvc_cat_id) VALUES (48,7);
INSERT INTO LIVROS_CATEGORIAS(lvc_lvr_id,lvc_cat_id) VALUES (9,4);
INSERT INTO LIVROS_CATEGORIAS(lvc_lvr_id,lvc_cat_id) VALUES (32,3);
INSERT INTO LIVROS_CATEGORIAS(lvc_lvr_id,lvc_cat_id) VALUES (190,7);
INSERT INTO LIVROS_CATEGORIAS(lvc_lvr_id,lvc_cat_id) VALUES (211,2);
INSERT INTO LIVROS_CATEGORIAS(lvc_lvr_id,lvc_cat_id) VALUES (41,6);
INSERT INTO LIVROS_CATEGORIAS(lvc_lvr_id,lvc_cat_id) VALUES (203,2);
INSERT INTO LIVROS_CATEGORIAS(lvc_lvr_id,lvc_cat_id) VALUES (187,2);
INSERT INTO LIVROS_CATEGORIAS(lvc_lvr_id,lvc_cat_id) VALUES (235,6);
INSERT INTO LIVROS_CATEGORIAS(lvc_lvr_id,lvc_cat_id) VALUES (91,7);
INSERT INTO LIVROS_CATEGORIAS(lvc_lvr_id,lvc_cat_id) VALUES (135,3);
INSERT INTO LIVROS_CATEGORIAS(lvc_lvr_id,lvc_cat_id) VALUES (172,4);
INSERT INTO LIVROS_CATEGORIAS(lvc_lvr_id,lvc_cat_id) VALUES (189,4);
INSERT INTO LIVROS_CATEGORIAS(lvc_lvr_id,lvc_cat_id) VALUES (162,4);
INSERT INTO LIVROS_CATEGORIAS(lvc_lvr_id,lvc_cat_id) VALUES (109,1);
INSERT INTO LIVROS_CATEGORIAS(lvc_lvr_id,lvc_cat_id) VALUES (115,8);
INSERT INTO LIVROS_CATEGORIAS(lvc_lvr_id,lvc_cat_id) VALUES (37,5);
INSERT INTO LIVROS_CATEGORIAS(lvc_lvr_id,lvc_cat_id) VALUES (101,6);
INSERT INTO LIVROS_CATEGORIAS(lvc_lvr_id,lvc_cat_id) VALUES (184,6);
INSERT INTO LIVROS_CATEGORIAS(lvc_lvr_id,lvc_cat_id) VALUES (27,5);
INSERT INTO LIVROS_CATEGORIAS(lvc_lvr_id,lvc_cat_id) VALUES (32,7);
INSERT INTO LIVROS_CATEGORIAS(lvc_lvr_id,lvc_cat_id) VALUES (32,4);
INSERT INTO LIVROS_CATEGORIAS(lvc_lvr_id,lvc_cat_id) VALUES (53,4);
INSERT INTO LIVROS_CATEGORIAS(lvc_lvr_id,lvc_cat_id) VALUES (221,8);
INSERT INTO LIVROS_CATEGORIAS(lvc_lvr_id,lvc_cat_id) VALUES (114,5);
INSERT INTO LIVROS_CATEGORIAS(lvc_lvr_id,lvc_cat_id) VALUES (155,3);
INSERT INTO LIVROS_CATEGORIAS(lvc_lvr_id,lvc_cat_id) VALUES (183,5);
INSERT INTO LIVROS_CATEGORIAS(lvc_lvr_id,lvc_cat_id) VALUES (128,5);
INSERT INTO LIVROS_CATEGORIAS(lvc_lvr_id,lvc_cat_id) VALUES (144,4);
INSERT INTO LIVROS_CATEGORIAS(lvc_lvr_id,lvc_cat_id) VALUES (6,6);
INSERT INTO LIVROS_CATEGORIAS(lvc_lvr_id,lvc_cat_id) VALUES (119,2);
INSERT INTO LIVROS_CATEGORIAS(lvc_lvr_id,lvc_cat_id) VALUES (194,2);
INSERT INTO LIVROS_CATEGORIAS(lvc_lvr_id,lvc_cat_id) VALUES (137,7);
INSERT INTO LIVROS_CATEGORIAS(lvc_lvr_id,lvc_cat_id) VALUES (202,4);
INSERT INTO LIVROS_CATEGORIAS(lvc_lvr_id,lvc_cat_id) VALUES (129,4);
INSERT INTO LIVROS_CATEGORIAS(lvc_lvr_id,lvc_cat_id) VALUES (217,4);
INSERT INTO LIVROS_CATEGORIAS(lvc_lvr_id,lvc_cat_id) VALUES (196,5);
INSERT INTO LIVROS_CATEGORIAS(lvc_lvr_id,lvc_cat_id) VALUES (68,7);
INSERT INTO LIVROS_CATEGORIAS(lvc_lvr_id,lvc_cat_id) VALUES (166,3);
INSERT INTO LIVROS_CATEGORIAS(lvc_lvr_id,lvc_cat_id) VALUES (120,6);
INSERT INTO LIVROS_CATEGORIAS(lvc_lvr_id,lvc_cat_id) VALUES (98,5);
INSERT INTO LIVROS_CATEGORIAS(lvc_lvr_id,lvc_cat_id) VALUES (129,4);
INSERT INTO LIVROS_CATEGORIAS(lvc_lvr_id,lvc_cat_id) VALUES (35,3);
INSERT INTO LIVROS_CATEGORIAS(lvc_lvr_id,lvc_cat_id) VALUES (134,6);
INSERT INTO LIVROS_CATEGORIAS(lvc_lvr_id,lvc_cat_id) VALUES (130,5);
INSERT INTO LIVROS_CATEGORIAS(lvc_lvr_id,lvc_cat_id) VALUES (77,6);
INSERT INTO LIVROS_CATEGORIAS(lvc_lvr_id,lvc_cat_id) VALUES (77,2);
INSERT INTO LIVROS_CATEGORIAS(lvc_lvr_id,lvc_cat_id) VALUES (1,2);
INSERT INTO LIVROS_CATEGORIAS(lvc_lvr_id,lvc_cat_id) VALUES (211,7);
INSERT INTO LIVROS_CATEGORIAS(lvc_lvr_id,lvc_cat_id) VALUES (17,8);
INSERT INTO LIVROS_CATEGORIAS(lvc_lvr_id,lvc_cat_id) VALUES (164,2);
INSERT INTO LIVROS_CATEGORIAS(lvc_lvr_id,lvc_cat_id) VALUES (66,6);
INSERT INTO LIVROS_CATEGORIAS(lvc_lvr_id,lvc_cat_id) VALUES (237,2);
INSERT INTO LIVROS_CATEGORIAS(lvc_lvr_id,lvc_cat_id) VALUES (68,1);
INSERT INTO LIVROS_CATEGORIAS(lvc_lvr_id,lvc_cat_id) VALUES (5,7);
INSERT INTO LIVROS_CATEGORIAS(lvc_lvr_id,lvc_cat_id) VALUES (26,7);
INSERT INTO LIVROS_CATEGORIAS(lvc_lvr_id,lvc_cat_id) VALUES (235,6);
INSERT INTO LIVROS_CATEGORIAS(lvc_lvr_id,lvc_cat_id) VALUES (161,4);
INSERT INTO LIVROS_CATEGORIAS(lvc_lvr_id,lvc_cat_id) VALUES (88,2);
INSERT INTO LIVROS_CATEGORIAS(lvc_lvr_id,lvc_cat_id) VALUES (221,6);
INSERT INTO LIVROS_CATEGORIAS(lvc_lvr_id,lvc_cat_id) VALUES (91,5);
INSERT INTO LIVROS_CATEGORIAS(lvc_lvr_id,lvc_cat_id) VALUES (179,3);
INSERT INTO LIVROS_CATEGORIAS(lvc_lvr_id,lvc_cat_id) VALUES (51,4);
INSERT INTO LIVROS_CATEGORIAS(lvc_lvr_id,lvc_cat_id) VALUES (48,4);
INSERT INTO LIVROS_CATEGORIAS(lvc_lvr_id,lvc_cat_id) VALUES (61,2);
INSERT INTO LIVROS_CATEGORIAS(lvc_lvr_id,lvc_cat_id) VALUES (185,4);
INSERT INTO LIVROS_CATEGORIAS(lvc_lvr_id,lvc_cat_id) VALUES (154,6);
INSERT INTO LIVROS_CATEGORIAS(lvc_lvr_id,lvc_cat_id) VALUES (237,8);
INSERT INTO LIVROS_CATEGORIAS(lvc_lvr_id,lvc_cat_id) VALUES (249,1);
INSERT INTO LIVROS_CATEGORIAS(lvc_lvr_id,lvc_cat_id) VALUES (89,4);
INSERT INTO LIVROS_CATEGORIAS(lvc_lvr_id,lvc_cat_id) VALUES (163,6);
INSERT INTO LIVROS_CATEGORIAS(lvc_lvr_id,lvc_cat_id) VALUES (224,2);
INSERT INTO LIVROS_CATEGORIAS(lvc_lvr_id,lvc_cat_id) VALUES (85,7);
INSERT INTO LIVROS_CATEGORIAS(lvc_lvr_id,lvc_cat_id) VALUES (155,7);
INSERT INTO LIVROS_CATEGORIAS(lvc_lvr_id,lvc_cat_id) VALUES (8,6);
INSERT INTO LIVROS_CATEGORIAS(lvc_lvr_id,lvc_cat_id) VALUES (73,7);
INSERT INTO LIVROS_CATEGORIAS(lvc_lvr_id,lvc_cat_id) VALUES (18,2);
INSERT INTO LIVROS_CATEGORIAS(lvc_lvr_id,lvc_cat_id) VALUES (223,3);
INSERT INTO LIVROS_CATEGORIAS(lvc_lvr_id,lvc_cat_id) VALUES (207,6);
INSERT INTO LIVROS_CATEGORIAS(lvc_lvr_id,lvc_cat_id) VALUES (25,3);
INSERT INTO LIVROS_CATEGORIAS(lvc_lvr_id,lvc_cat_id) VALUES (16,7);
INSERT INTO LIVROS_CATEGORIAS(lvc_lvr_id,lvc_cat_id) VALUES (128,2);
INSERT INTO LIVROS_CATEGORIAS(lvc_lvr_id,lvc_cat_id) VALUES (103,5);
INSERT INTO LIVROS_CATEGORIAS(lvc_lvr_id,lvc_cat_id) VALUES (223,2);



INSERT INTO AUTORES(aut_id,aut_nome) VALUES (1,'Weisl Elhan');
INSERT INTO AUTORES(aut_id,aut_nome) VALUES (2,'Zuzuy Tocis');
INSERT INTO AUTORES(aut_id,aut_nome) VALUES (3,'Rulil Zuzuy');
INSERT INTO AUTORES(aut_id,aut_nome) VALUES (4,'Viveula Onerr');
INSERT INTO AUTORES(aut_id,aut_nome) VALUES (5,'Tekus Pieorho');
INSERT INTO AUTORES(aut_id,aut_nome) VALUES (6,'Tocis Becio');
INSERT INTO AUTORES(aut_id,aut_nome) VALUES (7,'Xinol NaxeaI');
INSERT INTO AUTORES(aut_id,aut_nome) VALUES (8,'Tekus Pieorho');
INSERT INTO AUTORES(aut_id,aut_nome) VALUES (9,'Mecauma Nial');
INSERT INTO AUTORES(aut_id,aut_nome) VALUES (10,'Xinol NaxeaI');
INSERT INTO AUTORES(aut_id,aut_nome) VALUES (11,'Weisl Elhan');
INSERT INTO AUTORES(aut_id,aut_nome) VALUES (12,'Varizer Mecauma');
INSERT INTO AUTORES(aut_id,aut_nome) VALUES (13,'Tinoco Dali');
INSERT INTO AUTORES(aut_id,aut_nome) VALUES (14,'Zuyvi Weisl');
INSERT INTO AUTORES(aut_id,aut_nome) VALUES (15,'Zulisc Tociso');



INSERT INTO LIVROS_AUTORES(lau_lvr_id,lau_aut_id) VALUES (32,10);
INSERT INTO LIVROS_AUTORES(lau_lvr_id,lau_aut_id) VALUES (125,4);
INSERT INTO LIVROS_AUTORES(lau_lvr_id,lau_aut_id) VALUES (234,13);
INSERT INTO LIVROS_AUTORES(lau_lvr_id,lau_aut_id) VALUES (79,13);
INSERT INTO LIVROS_AUTORES(lau_lvr_id,lau_aut_id) VALUES (233,8);
INSERT INTO LIVROS_AUTORES(lau_lvr_id,lau_aut_id) VALUES (249,11);
INSERT INTO LIVROS_AUTORES(lau_lvr_id,lau_aut_id) VALUES (213,5);
INSERT INTO LIVROS_AUTORES(lau_lvr_id,lau_aut_id) VALUES (16,6);
INSERT INTO LIVROS_AUTORES(lau_lvr_id,lau_aut_id) VALUES (144,14);
INSERT INTO LIVROS_AUTORES(lau_lvr_id,lau_aut_id) VALUES (102,5);
INSERT INTO LIVROS_AUTORES(lau_lvr_id,lau_aut_id) VALUES (243,3);
INSERT INTO LIVROS_AUTORES(lau_lvr_id,lau_aut_id) VALUES (219,11);
INSERT INTO LIVROS_AUTORES(lau_lvr_id,lau_aut_id) VALUES (109,13);
INSERT INTO LIVROS_AUTORES(lau_lvr_id,lau_aut_id) VALUES (55,4);
INSERT INTO LIVROS_AUTORES(lau_lvr_id,lau_aut_id) VALUES (11,1);
INSERT INTO LIVROS_AUTORES(lau_lvr_id,lau_aut_id) VALUES (76,9);
INSERT INTO LIVROS_AUTORES(lau_lvr_id,lau_aut_id) VALUES (88,14);
INSERT INTO LIVROS_AUTORES(lau_lvr_id,lau_aut_id) VALUES (240,14);
INSERT INTO LIVROS_AUTORES(lau_lvr_id,lau_aut_id) VALUES (202,3);
INSERT INTO LIVROS_AUTORES(lau_lvr_id,lau_aut_id) VALUES (225,15);
INSERT INTO LIVROS_AUTORES(lau_lvr_id,lau_aut_id) VALUES (246,2);
INSERT INTO LIVROS_AUTORES(lau_lvr_id,lau_aut_id) VALUES (12,6);
INSERT INTO LIVROS_AUTORES(lau_lvr_id,lau_aut_id) VALUES (102,6);
INSERT INTO LIVROS_AUTORES(lau_lvr_id,lau_aut_id) VALUES (123,9);
INSERT INTO LIVROS_AUTORES(lau_lvr_id,lau_aut_id) VALUES (15,1);
INSERT INTO LIVROS_AUTORES(lau_lvr_id,lau_aut_id) VALUES (164,13);
INSERT INTO LIVROS_AUTORES(lau_lvr_id,lau_aut_id) VALUES (91,10);
INSERT INTO LIVROS_AUTORES(lau_lvr_id,lau_aut_id) VALUES (22,12);
INSERT INTO LIVROS_AUTORES(lau_lvr_id,lau_aut_id) VALUES (180,14);
INSERT INTO LIVROS_AUTORES(lau_lvr_id,lau_aut_id) VALUES (190,2);
INSERT INTO LIVROS_AUTORES(lau_lvr_id,lau_aut_id) VALUES (160,2);
INSERT INTO LIVROS_AUTORES(lau_lvr_id,lau_aut_id) VALUES (46,5);
INSERT INTO LIVROS_AUTORES(lau_lvr_id,lau_aut_id) VALUES (57,8);
INSERT INTO LIVROS_AUTORES(lau_lvr_id,lau_aut_id) VALUES (37,15);
INSERT INTO LIVROS_AUTORES(lau_lvr_id,lau_aut_id) VALUES (122,6);
INSERT INTO LIVROS_AUTORES(lau_lvr_id,lau_aut_id) VALUES (152,14);
INSERT INTO LIVROS_AUTORES(lau_lvr_id,lau_aut_id) VALUES (40,14);
INSERT INTO LIVROS_AUTORES(lau_lvr_id,lau_aut_id) VALUES (205,9);
INSERT INTO LIVROS_AUTORES(lau_lvr_id,lau_aut_id) VALUES (237,13);
INSERT INTO LIVROS_AUTORES(lau_lvr_id,lau_aut_id) VALUES (201,11);
INSERT INTO LIVROS_AUTORES(lau_lvr_id,lau_aut_id) VALUES (132,12);
INSERT INTO LIVROS_AUTORES(lau_lvr_id,lau_aut_id) VALUES (2,15);
INSERT INTO LIVROS_AUTORES(lau_lvr_id,lau_aut_id) VALUES (48,15);
INSERT INTO LIVROS_AUTORES(lau_lvr_id,lau_aut_id) VALUES (94,4);
INSERT INTO LIVROS_AUTORES(lau_lvr_id,lau_aut_id) VALUES (104,4);
INSERT INTO LIVROS_AUTORES(lau_lvr_id,lau_aut_id) VALUES (92,5);
INSERT INTO LIVROS_AUTORES(lau_lvr_id,lau_aut_id) VALUES (30,14);
INSERT INTO LIVROS_AUTORES(lau_lvr_id,lau_aut_id) VALUES (162,10);
INSERT INTO LIVROS_AUTORES(lau_lvr_id,lau_aut_id) VALUES (159,13);
INSERT INTO LIVROS_AUTORES(lau_lvr_id,lau_aut_id) VALUES (172,9);
INSERT INTO LIVROS_AUTORES(lau_lvr_id,lau_aut_id) VALUES (82,13);
INSERT INTO LIVROS_AUTORES(lau_lvr_id,lau_aut_id) VALUES (112,5);
INSERT INTO LIVROS_AUTORES(lau_lvr_id,lau_aut_id) VALUES (33,14);
INSERT INTO LIVROS_AUTORES(lau_lvr_id,lau_aut_id) VALUES (83,2);
INSERT INTO LIVROS_AUTORES(lau_lvr_id,lau_aut_id) VALUES (79,4);
INSERT INTO LIVROS_AUTORES(lau_lvr_id,lau_aut_id) VALUES (131,4);
INSERT INTO LIVROS_AUTORES(lau_lvr_id,lau_aut_id) VALUES (28,12);
INSERT INTO LIVROS_AUTORES(lau_lvr_id,lau_aut_id) VALUES (9,8);
INSERT INTO LIVROS_AUTORES(lau_lvr_id,lau_aut_id) VALUES (229,11);
INSERT INTO LIVROS_AUTORES(lau_lvr_id,lau_aut_id) VALUES (200,2);
INSERT INTO LIVROS_AUTORES(lau_lvr_id,lau_aut_id) VALUES (215,11);
INSERT INTO LIVROS_AUTORES(lau_lvr_id,lau_aut_id) VALUES (168,8);
INSERT INTO LIVROS_AUTORES(lau_lvr_id,lau_aut_id) VALUES (129,4);
INSERT INTO LIVROS_AUTORES(lau_lvr_id,lau_aut_id) VALUES (124,13);
INSERT INTO LIVROS_AUTORES(lau_lvr_id,lau_aut_id) VALUES (20,1);
INSERT INTO LIVROS_AUTORES(lau_lvr_id,lau_aut_id) VALUES (4,5);
INSERT INTO LIVROS_AUTORES(lau_lvr_id,lau_aut_id) VALUES (186,8);
INSERT INTO LIVROS_AUTORES(lau_lvr_id,lau_aut_id) VALUES (222,14);
INSERT INTO LIVROS_AUTORES(lau_lvr_id,lau_aut_id) VALUES (229,14);
INSERT INTO LIVROS_AUTORES(lau_lvr_id,lau_aut_id) VALUES (105,9);
INSERT INTO LIVROS_AUTORES(lau_lvr_id,lau_aut_id) VALUES (237,8);
INSERT INTO LIVROS_AUTORES(lau_lvr_id,lau_aut_id) VALUES (183,11);
INSERT INTO LIVROS_AUTORES(lau_lvr_id,lau_aut_id) VALUES (41,3);
INSERT INTO LIVROS_AUTORES(lau_lvr_id,lau_aut_id) VALUES (57,2);
INSERT INTO LIVROS_AUTORES(lau_lvr_id,lau_aut_id) VALUES (61,13);
INSERT INTO LIVROS_AUTORES(lau_lvr_id,lau_aut_id) VALUES (110,8);
INSERT INTO LIVROS_AUTORES(lau_lvr_id,lau_aut_id) VALUES (118,9);
INSERT INTO LIVROS_AUTORES(lau_lvr_id,lau_aut_id) VALUES (120,11);
INSERT INTO LIVROS_AUTORES(lau_lvr_id,lau_aut_id) VALUES (249,2);
INSERT INTO LIVROS_AUTORES(lau_lvr_id,lau_aut_id) VALUES (126,7);
INSERT INTO LIVROS_AUTORES(lau_lvr_id,lau_aut_id) VALUES (182,7);
INSERT INTO LIVROS_AUTORES(lau_lvr_id,lau_aut_id) VALUES (247,14);
INSERT INTO LIVROS_AUTORES(lau_lvr_id,lau_aut_id) VALUES (239,7);
INSERT INTO LIVROS_AUTORES(lau_lvr_id,lau_aut_id) VALUES (143,1);
INSERT INTO LIVROS_AUTORES(lau_lvr_id,lau_aut_id) VALUES (79,10);
INSERT INTO LIVROS_AUTORES(lau_lvr_id,lau_aut_id) VALUES (80,14);
INSERT INTO LIVROS_AUTORES(lau_lvr_id,lau_aut_id) VALUES (123,7);
INSERT INTO LIVROS_AUTORES(lau_lvr_id,lau_aut_id) VALUES (218,10);
INSERT INTO LIVROS_AUTORES(lau_lvr_id,lau_aut_id) VALUES (156,2);
INSERT INTO LIVROS_AUTORES(lau_lvr_id,lau_aut_id) VALUES (99,4);
INSERT INTO LIVROS_AUTORES(lau_lvr_id,lau_aut_id) VALUES (171,14);
INSERT INTO LIVROS_AUTORES(lau_lvr_id,lau_aut_id) VALUES (27,11);
INSERT INTO LIVROS_AUTORES(lau_lvr_id,lau_aut_id) VALUES (195,6);
INSERT INTO LIVROS_AUTORES(lau_lvr_id,lau_aut_id) VALUES (57,10);
INSERT INTO LIVROS_AUTORES(lau_lvr_id,lau_aut_id) VALUES (129,3);
INSERT INTO LIVROS_AUTORES(lau_lvr_id,lau_aut_id) VALUES (75,2);
INSERT INTO LIVROS_AUTORES(lau_lvr_id,lau_aut_id) VALUES (186,10);
INSERT INTO LIVROS_AUTORES(lau_lvr_id,lau_aut_id) VALUES (211,13);
INSERT INTO LIVROS_AUTORES(lau_lvr_id,lau_aut_id) VALUES (28,1);
INSERT INTO LIVROS_AUTORES(lau_lvr_id,lau_aut_id) VALUES (65,3);
INSERT INTO LIVROS_AUTORES(lau_lvr_id,lau_aut_id) VALUES (166,12);
INSERT INTO LIVROS_AUTORES(lau_lvr_id,lau_aut_id) VALUES (187,6);
INSERT INTO LIVROS_AUTORES(lau_lvr_id,lau_aut_id) VALUES (200,10);
INSERT INTO LIVROS_AUTORES(lau_lvr_id,lau_aut_id) VALUES (225,7);
INSERT INTO LIVROS_AUTORES(lau_lvr_id,lau_aut_id) VALUES (152,2);
INSERT INTO LIVROS_AUTORES(lau_lvr_id,lau_aut_id) VALUES (229,1);
INSERT INTO LIVROS_AUTORES(lau_lvr_id,lau_aut_id) VALUES (129,15);
INSERT INTO LIVROS_AUTORES(lau_lvr_id,lau_aut_id) VALUES (29,8);
INSERT INTO LIVROS_AUTORES(lau_lvr_id,lau_aut_id) VALUES (130,14);
INSERT INTO LIVROS_AUTORES(lau_lvr_id,lau_aut_id) VALUES (161,5);
INSERT INTO LIVROS_AUTORES(lau_lvr_id,lau_aut_id) VALUES (250,2);
INSERT INTO LIVROS_AUTORES(lau_lvr_id,lau_aut_id) VALUES (150,11);
INSERT INTO LIVROS_AUTORES(lau_lvr_id,lau_aut_id) VALUES (148,2);
INSERT INTO LIVROS_AUTORES(lau_lvr_id,lau_aut_id) VALUES (235,6);
INSERT INTO LIVROS_AUTORES(lau_lvr_id,lau_aut_id) VALUES (73,4);
INSERT INTO LIVROS_AUTORES(lau_lvr_id,lau_aut_id) VALUES (59,7);
INSERT INTO LIVROS_AUTORES(lau_lvr_id,lau_aut_id) VALUES (165,11);
INSERT INTO LIVROS_AUTORES(lau_lvr_id,lau_aut_id) VALUES (194,11);
INSERT INTO LIVROS_AUTORES(lau_lvr_id,lau_aut_id) VALUES (241,8);
INSERT INTO LIVROS_AUTORES(lau_lvr_id,lau_aut_id) VALUES (59,2);
INSERT INTO LIVROS_AUTORES(lau_lvr_id,lau_aut_id) VALUES (92,2);
INSERT INTO LIVROS_AUTORES(lau_lvr_id,lau_aut_id) VALUES (240,9);
INSERT INTO LIVROS_AUTORES(lau_lvr_id,lau_aut_id) VALUES (142,10);
INSERT INTO LIVROS_AUTORES(lau_lvr_id,lau_aut_id) VALUES (229,12);
INSERT INTO LIVROS_AUTORES(lau_lvr_id,lau_aut_id) VALUES (238,14);
INSERT INTO LIVROS_AUTORES(lau_lvr_id,lau_aut_id) VALUES (190,6);
INSERT INTO LIVROS_AUTORES(lau_lvr_id,lau_aut_id) VALUES (127,8);
INSERT INTO LIVROS_AUTORES(lau_lvr_id,lau_aut_id) VALUES (74,8);
INSERT INTO LIVROS_AUTORES(lau_lvr_id,lau_aut_id) VALUES (15,9);
INSERT INTO LIVROS_AUTORES(lau_lvr_id,lau_aut_id) VALUES (140,5);
INSERT INTO LIVROS_AUTORES(lau_lvr_id,lau_aut_id) VALUES (247,8);
INSERT INTO LIVROS_AUTORES(lau_lvr_id,lau_aut_id) VALUES (190,2);
INSERT INTO LIVROS_AUTORES(lau_lvr_id,lau_aut_id) VALUES (99,9);
INSERT INTO LIVROS_AUTORES(lau_lvr_id,lau_aut_id) VALUES (57,2);
INSERT INTO LIVROS_AUTORES(lau_lvr_id,lau_aut_id) VALUES (66,4);
INSERT INTO LIVROS_AUTORES(lau_lvr_id,lau_aut_id) VALUES (152,13);
INSERT INTO LIVROS_AUTORES(lau_lvr_id,lau_aut_id) VALUES (72,7);
INSERT INTO LIVROS_AUTORES(lau_lvr_id,lau_aut_id) VALUES (215,10);
INSERT INTO LIVROS_AUTORES(lau_lvr_id,lau_aut_id) VALUES (115,5);
INSERT INTO LIVROS_AUTORES(lau_lvr_id,lau_aut_id) VALUES (235,2);
INSERT INTO LIVROS_AUTORES(lau_lvr_id,lau_aut_id) VALUES (132,3);
INSERT INTO LIVROS_AUTORES(lau_lvr_id,lau_aut_id) VALUES (22,3);
INSERT INTO LIVROS_AUTORES(lau_lvr_id,lau_aut_id) VALUES (103,8);
INSERT INTO LIVROS_AUTORES(lau_lvr_id,lau_aut_id) VALUES (226,13);
INSERT INTO LIVROS_AUTORES(lau_lvr_id,lau_aut_id) VALUES (221,2);
INSERT INTO LIVROS_AUTORES(lau_lvr_id,lau_aut_id) VALUES (89,2);
INSERT INTO LIVROS_AUTORES(lau_lvr_id,lau_aut_id) VALUES (242,1);
INSERT INTO LIVROS_AUTORES(lau_lvr_id,lau_aut_id) VALUES (46,7);
INSERT INTO LIVROS_AUTORES(lau_lvr_id,lau_aut_id) VALUES (206,14);
INSERT INTO LIVROS_AUTORES(lau_lvr_id,lau_aut_id) VALUES (49,8);
INSERT INTO LIVROS_AUTORES(lau_lvr_id,lau_aut_id) VALUES (211,12);
INSERT INTO LIVROS_AUTORES(lau_lvr_id,lau_aut_id) VALUES (216,4);
INSERT INTO LIVROS_AUTORES(lau_lvr_id,lau_aut_id) VALUES (139,15);
INSERT INTO LIVROS_AUTORES(lau_lvr_id,lau_aut_id) VALUES (175,2);
INSERT INTO LIVROS_AUTORES(lau_lvr_id,lau_aut_id) VALUES (90,5);
INSERT INTO LIVROS_AUTORES(lau_lvr_id,lau_aut_id) VALUES (26,13);
INSERT INTO LIVROS_AUTORES(lau_lvr_id,lau_aut_id) VALUES (238,11);
INSERT INTO LIVROS_AUTORES(lau_lvr_id,lau_aut_id) VALUES (148,11);
INSERT INTO LIVROS_AUTORES(lau_lvr_id,lau_aut_id) VALUES (227,9);
INSERT INTO LIVROS_AUTORES(lau_lvr_id,lau_aut_id) VALUES (81,9);
INSERT INTO LIVROS_AUTORES(lau_lvr_id,lau_aut_id) VALUES (77,8);
INSERT INTO LIVROS_AUTORES(lau_lvr_id,lau_aut_id) VALUES (189,10);
INSERT INTO LIVROS_AUTORES(lau_lvr_id,lau_aut_id) VALUES (119,7);
INSERT INTO LIVROS_AUTORES(lau_lvr_id,lau_aut_id) VALUES (60,1);
INSERT INTO LIVROS_AUTORES(lau_lvr_id,lau_aut_id) VALUES (208,8);
INSERT INTO LIVROS_AUTORES(lau_lvr_id,lau_aut_id) VALUES (241,8);
INSERT INTO LIVROS_AUTORES(lau_lvr_id,lau_aut_id) VALUES (153,3);
INSERT INTO LIVROS_AUTORES(lau_lvr_id,lau_aut_id) VALUES (1,13);
INSERT INTO LIVROS_AUTORES(lau_lvr_id,lau_aut_id) VALUES (220,5);
INSERT INTO LIVROS_AUTORES(lau_lvr_id,lau_aut_id) VALUES (76,12);
INSERT INTO LIVROS_AUTORES(lau_lvr_id,lau_aut_id) VALUES (227,13);
INSERT INTO LIVROS_AUTORES(lau_lvr_id,lau_aut_id) VALUES (138,11);
INSERT INTO LIVROS_AUTORES(lau_lvr_id,lau_aut_id) VALUES (99,9);
INSERT INTO LIVROS_AUTORES(lau_lvr_id,lau_aut_id) VALUES (52,13);
INSERT INTO LIVROS_AUTORES(lau_lvr_id,lau_aut_id) VALUES (187,5);
INSERT INTO LIVROS_AUTORES(lau_lvr_id,lau_aut_id) VALUES (40,6);
INSERT INTO LIVROS_AUTORES(lau_lvr_id,lau_aut_id) VALUES (158,13);
INSERT INTO LIVROS_AUTORES(lau_lvr_id,lau_aut_id) VALUES (76,13);
INSERT INTO LIVROS_AUTORES(lau_lvr_id,lau_aut_id) VALUES (85,8);
INSERT INTO LIVROS_AUTORES(lau_lvr_id,lau_aut_id) VALUES (150,2);
INSERT INTO LIVROS_AUTORES(lau_lvr_id,lau_aut_id) VALUES (5,12);
INSERT INTO LIVROS_AUTORES(lau_lvr_id,lau_aut_id) VALUES (38,9);
INSERT INTO LIVROS_AUTORES(lau_lvr_id,lau_aut_id) VALUES (134,10);
INSERT INTO LIVROS_AUTORES(lau_lvr_id,lau_aut_id) VALUES (140,8);
INSERT INTO LIVROS_AUTORES(lau_lvr_id,lau_aut_id) VALUES (76,14);
INSERT INTO LIVROS_AUTORES(lau_lvr_id,lau_aut_id) VALUES (235,9);
INSERT INTO LIVROS_AUTORES(lau_lvr_id,lau_aut_id) VALUES (73,10);
INSERT INTO LIVROS_AUTORES(lau_lvr_id,lau_aut_id) VALUES (96,8);
INSERT INTO LIVROS_AUTORES(lau_lvr_id,lau_aut_id) VALUES (117,2);
INSERT INTO LIVROS_AUTORES(lau_lvr_id,lau_aut_id) VALUES (113,7);
INSERT INTO LIVROS_AUTORES(lau_lvr_id,lau_aut_id) VALUES (131,15);
INSERT INTO LIVROS_AUTORES(lau_lvr_id,lau_aut_id) VALUES (5,3);
INSERT INTO LIVROS_AUTORES(lau_lvr_id,lau_aut_id) VALUES (226,5);
INSERT INTO LIVROS_AUTORES(lau_lvr_id,lau_aut_id) VALUES (17,12);
INSERT INTO LIVROS_AUTORES(lau_lvr_id,lau_aut_id) VALUES (144,5);
INSERT INTO LIVROS_AUTORES(lau_lvr_id,lau_aut_id) VALUES (197,10);
INSERT INTO LIVROS_AUTORES(lau_lvr_id,lau_aut_id) VALUES (56,11);
INSERT INTO LIVROS_AUTORES(lau_lvr_id,lau_aut_id) VALUES (201,5);
INSERT INTO LIVROS_AUTORES(lau_lvr_id,lau_aut_id) VALUES (136,2);
INSERT INTO LIVROS_AUTORES(lau_lvr_id,lau_aut_id) VALUES (10,5);
INSERT INTO LIVROS_AUTORES(lau_lvr_id,lau_aut_id) VALUES (232,14);
INSERT INTO LIVROS_AUTORES(lau_lvr_id,lau_aut_id) VALUES (132,15);
INSERT INTO LIVROS_AUTORES(lau_lvr_id,lau_aut_id) VALUES (91,3);
INSERT INTO LIVROS_AUTORES(lau_lvr_id,lau_aut_id) VALUES (11,13);
INSERT INTO LIVROS_AUTORES(lau_lvr_id,lau_aut_id) VALUES (22,7);
INSERT INTO LIVROS_AUTORES(lau_lvr_id,lau_aut_id) VALUES (123,6);
INSERT INTO LIVROS_AUTORES(lau_lvr_id,lau_aut_id) VALUES (137,3);
INSERT INTO LIVROS_AUTORES(lau_lvr_id,lau_aut_id) VALUES (86,15);
INSERT INTO LIVROS_AUTORES(lau_lvr_id,lau_aut_id) VALUES (90,9);
INSERT INTO LIVROS_AUTORES(lau_lvr_id,lau_aut_id) VALUES (124,2);
INSERT INTO LIVROS_AUTORES(lau_lvr_id,lau_aut_id) VALUES (143,4);
INSERT INTO LIVROS_AUTORES(lau_lvr_id,lau_aut_id) VALUES (22,11);
INSERT INTO LIVROS_AUTORES(lau_lvr_id,lau_aut_id) VALUES (193,11);
INSERT INTO LIVROS_AUTORES(lau_lvr_id,lau_aut_id) VALUES (77,2);
INSERT INTO LIVROS_AUTORES(lau_lvr_id,lau_aut_id) VALUES (233,3);
INSERT INTO LIVROS_AUTORES(lau_lvr_id,lau_aut_id) VALUES (209,7);
INSERT INTO LIVROS_AUTORES(lau_lvr_id,lau_aut_id) VALUES (156,6);
INSERT INTO LIVROS_AUTORES(lau_lvr_id,lau_aut_id) VALUES (159,2);
INSERT INTO LIVROS_AUTORES(lau_lvr_id,lau_aut_id) VALUES (38,1);
INSERT INTO LIVROS_AUTORES(lau_lvr_id,lau_aut_id) VALUES (201,14);
INSERT INTO LIVROS_AUTORES(lau_lvr_id,lau_aut_id) VALUES (234,5);
INSERT INTO LIVROS_AUTORES(lau_lvr_id,lau_aut_id) VALUES (185,3);
INSERT INTO LIVROS_AUTORES(lau_lvr_id,lau_aut_id) VALUES (73,14);
INSERT INTO LIVROS_AUTORES(lau_lvr_id,lau_aut_id) VALUES (216,14);
INSERT INTO LIVROS_AUTORES(lau_lvr_id,lau_aut_id) VALUES (175,7);
INSERT INTO LIVROS_AUTORES(lau_lvr_id,lau_aut_id) VALUES (241,9);
INSERT INTO LIVROS_AUTORES(lau_lvr_id,lau_aut_id) VALUES (180,3);
INSERT INTO LIVROS_AUTORES(lau_lvr_id,lau_aut_id) VALUES (177,3);
INSERT INTO LIVROS_AUTORES(lau_lvr_id,lau_aut_id) VALUES (245,9);
INSERT INTO LIVROS_AUTORES(lau_lvr_id,lau_aut_id) VALUES (52,4);
INSERT INTO LIVROS_AUTORES(lau_lvr_id,lau_aut_id) VALUES (162,5);
INSERT INTO LIVROS_AUTORES(lau_lvr_id,lau_aut_id) VALUES (79,13);
INSERT INTO LIVROS_AUTORES(lau_lvr_id,lau_aut_id) VALUES (76,6);
INSERT INTO LIVROS_AUTORES(lau_lvr_id,lau_aut_id) VALUES (66,3);
INSERT INTO LIVROS_AUTORES(lau_lvr_id,lau_aut_id) VALUES (8,7);
INSERT INTO LIVROS_AUTORES(lau_lvr_id,lau_aut_id) VALUES (34,13);
INSERT INTO LIVROS_AUTORES(lau_lvr_id,lau_aut_id) VALUES (95,11);
INSERT INTO LIVROS_AUTORES(lau_lvr_id,lau_aut_id) VALUES (179,2);
INSERT INTO LIVROS_AUTORES(lau_lvr_id,lau_aut_id) VALUES (48,5);
INSERT INTO LIVROS_AUTORES(lau_lvr_id,lau_aut_id) VALUES (13,3);
INSERT INTO LIVROS_AUTORES(lau_lvr_id,lau_aut_id) VALUES (249,6);
INSERT INTO LIVROS_AUTORES(lau_lvr_id,lau_aut_id) VALUES (215,13);
INSERT INTO LIVROS_AUTORES(lau_lvr_id,lau_aut_id) VALUES (52,4);
INSERT INTO LIVROS_AUTORES(lau_lvr_id,lau_aut_id) VALUES (23,1);
INSERT INTO LIVROS_AUTORES(lau_lvr_id,lau_aut_id) VALUES (52,14);
INSERT INTO LIVROS_AUTORES(lau_lvr_id,lau_aut_id) VALUES (149,8);
INSERT INTO LIVROS_AUTORES(lau_lvr_id,lau_aut_id) VALUES (102,13);
INSERT INTO LIVROS_AUTORES(lau_lvr_id,lau_aut_id) VALUES (45,8);
INSERT INTO LIVROS_AUTORES(lau_lvr_id,lau_aut_id) VALUES (99,5);
INSERT INTO LIVROS_AUTORES(lau_lvr_id,lau_aut_id) VALUES (119,14);



INSERT INTO VENDAS(ven_id,ven_data,ven_valor_final,ven_valor_icms_total,ven_cpf_comprador,ven_cnpj_comprador,funcionarios_fun_id) VALUES (1,'24/11/2021',143,56,14274835236,NULL,1);
INSERT INTO VENDAS(ven_id,ven_data,ven_valor_final,ven_valor_icms_total,ven_cpf_comprador,ven_cnpj_comprador,funcionarios_fun_id) VALUES (2,'18/07/2022',135,49,16881763182,NULL,10);
INSERT INTO VENDAS(ven_id,ven_data,ven_valor_final,ven_valor_icms_total,ven_cpf_comprador,ven_cnpj_comprador,funcionarios_fun_id) VALUES (3,'22/07/2021',120,49,18134537377,NULL,2);
INSERT INTO VENDAS(ven_id,ven_data,ven_valor_final,ven_valor_icms_total,ven_cpf_comprador,ven_cnpj_comprador,funcionarios_fun_id) VALUES (4,'16/07/2022',107,60,18128840212,NULL,8);
INSERT INTO VENDAS(ven_id,ven_data,ven_valor_final,ven_valor_icms_total,ven_cpf_comprador,ven_cnpj_comprador,funcionarios_fun_id) VALUES (5,'19/08/2022',121,44,16910687036,NULL,5);
INSERT INTO VENDAS(ven_id,ven_data,ven_valor_final,ven_valor_icms_total,ven_cpf_comprador,ven_cnpj_comprador,funcionarios_fun_id) VALUES (6,'22/01/2021',104,32,14964041687,NULL,2);
INSERT INTO VENDAS(ven_id,ven_data,ven_valor_final,ven_valor_icms_total,ven_cpf_comprador,ven_cnpj_comprador,funcionarios_fun_id) VALUES (7,'06/02/2022',112,32,12272319535,NULL,7);
INSERT INTO VENDAS(ven_id,ven_data,ven_valor_final,ven_valor_icms_total,ven_cpf_comprador,ven_cnpj_comprador,funcionarios_fun_id) VALUES (8,'16/08/2021',116,60,15504408417,NULL,7);
INSERT INTO VENDAS(ven_id,ven_data,ven_valor_final,ven_valor_icms_total,ven_cpf_comprador,ven_cnpj_comprador,funcionarios_fun_id) VALUES (9,'19/06/2022',139,40,12486797852,NULL,6);
INSERT INTO VENDAS(ven_id,ven_data,ven_valor_final,ven_valor_icms_total,ven_cpf_comprador,ven_cnpj_comprador,funcionarios_fun_id) VALUES (10,'04/10/2021',104,44,15048135236,NULL,1);
INSERT INTO VENDAS(ven_id,ven_data,ven_valor_final,ven_valor_icms_total,ven_cpf_comprador,ven_cnpj_comprador,funcionarios_fun_id) VALUES (11,'23/08/2022',109,62,14323489681,NULL,3);
INSERT INTO VENDAS(ven_id,ven_data,ven_valor_final,ven_valor_icms_total,ven_cpf_comprador,ven_cnpj_comprador,funcionarios_fun_id) VALUES (12,'20/12/2021',135,47,18683948243,NULL,8);
INSERT INTO VENDAS(ven_id,ven_data,ven_valor_final,ven_valor_icms_total,ven_cpf_comprador,ven_cnpj_comprador,funcionarios_fun_id) VALUES (13,'14/10/2022',118,60,10603509990,NULL,3);
INSERT INTO VENDAS(ven_id,ven_data,ven_valor_final,ven_valor_icms_total,ven_cpf_comprador,ven_cnpj_comprador,funcionarios_fun_id) VALUES (14,'11/06/2022',106,28,18458359575,NULL,3);
INSERT INTO VENDAS(ven_id,ven_data,ven_valor_final,ven_valor_icms_total,ven_cpf_comprador,ven_cnpj_comprador,funcionarios_fun_id) VALUES (15,'27/03/2022',115,62,17593481155,NULL,9);
INSERT INTO VENDAS(ven_id,ven_data,ven_valor_final,ven_valor_icms_total,ven_cpf_comprador,ven_cnpj_comprador,funcionarios_fun_id) VALUES (16,'14/01/2022',104,65,17633890784,NULL,3);
INSERT INTO VENDAS(ven_id,ven_data,ven_valor_final,ven_valor_icms_total,ven_cpf_comprador,ven_cnpj_comprador,funcionarios_fun_id) VALUES (17,'16/12/2020',101,29,17298676677,NULL,10);
INSERT INTO VENDAS(ven_id,ven_data,ven_valor_final,ven_valor_icms_total,ven_cpf_comprador,ven_cnpj_comprador,funcionarios_fun_id) VALUES (18,'10/06/2022',135,43,15566517364,NULL,7);
INSERT INTO VENDAS(ven_id,ven_data,ven_valor_final,ven_valor_icms_total,ven_cpf_comprador,ven_cnpj_comprador,funcionarios_fun_id) VALUES (19,'09/08/2022',101,49,19522856953,NULL,1);
INSERT INTO VENDAS(ven_id,ven_data,ven_valor_final,ven_valor_icms_total,ven_cpf_comprador,ven_cnpj_comprador,funcionarios_fun_id) VALUES (20,'21/02/2021',106,60,12595421850,NULL,5);
INSERT INTO VENDAS(ven_id,ven_data,ven_valor_final,ven_valor_icms_total,ven_cpf_comprador,ven_cnpj_comprador,funcionarios_fun_id) VALUES (21,'28/07/2022',129,59,12025340765,NULL,8);
INSERT INTO VENDAS(ven_id,ven_data,ven_valor_final,ven_valor_icms_total,ven_cpf_comprador,ven_cnpj_comprador,funcionarios_fun_id) VALUES (22,'14/06/2021',137,52,11552523715,NULL,1);
INSERT INTO VENDAS(ven_id,ven_data,ven_valor_final,ven_valor_icms_total,ven_cpf_comprador,ven_cnpj_comprador,funcionarios_fun_id) VALUES (23,'14/12/2020',128,57,18276244597,NULL,4);
INSERT INTO VENDAS(ven_id,ven_data,ven_valor_final,ven_valor_icms_total,ven_cpf_comprador,ven_cnpj_comprador,funcionarios_fun_id) VALUES (24,'23/10/2022',127,36,12966211754,NULL,9);
INSERT INTO VENDAS(ven_id,ven_data,ven_valor_final,ven_valor_icms_total,ven_cpf_comprador,ven_cnpj_comprador,funcionarios_fun_id) VALUES (25,'21/01/2021',149,39,15506740847,NULL,8);
INSERT INTO VENDAS(ven_id,ven_data,ven_valor_final,ven_valor_icms_total,ven_cpf_comprador,ven_cnpj_comprador,funcionarios_fun_id) VALUES (26,'16/07/2022',121,43,11553666241,NULL,9);
INSERT INTO VENDAS(ven_id,ven_data,ven_valor_final,ven_valor_icms_total,ven_cpf_comprador,ven_cnpj_comprador,funcionarios_fun_id) VALUES (27,'08/09/2022',148,59,11321752038,NULL,6);
INSERT INTO VENDAS(ven_id,ven_data,ven_valor_final,ven_valor_icms_total,ven_cpf_comprador,ven_cnpj_comprador,funcionarios_fun_id) VALUES (28,'07/05/2022',100,40,16738847438,NULL,3);
INSERT INTO VENDAS(ven_id,ven_data,ven_valor_final,ven_valor_icms_total,ven_cpf_comprador,ven_cnpj_comprador,funcionarios_fun_id) VALUES (29,'18/02/2021',111,45,11663120737,NULL,9);
INSERT INTO VENDAS(ven_id,ven_data,ven_valor_final,ven_valor_icms_total,ven_cpf_comprador,ven_cnpj_comprador,funcionarios_fun_id) VALUES (30,'14/08/2022',136,60,11373037841,NULL,7);
INSERT INTO VENDAS(ven_id,ven_data,ven_valor_final,ven_valor_icms_total,ven_cpf_comprador,ven_cnpj_comprador,funcionarios_fun_id) VALUES (31,'27/03/2021',125,50,13165654239,NULL,4);
INSERT INTO VENDAS(ven_id,ven_data,ven_valor_final,ven_valor_icms_total,ven_cpf_comprador,ven_cnpj_comprador,funcionarios_fun_id) VALUES (32,'11/11/2020',120,61,16892324835,NULL,4);
INSERT INTO VENDAS(ven_id,ven_data,ven_valor_final,ven_valor_icms_total,ven_cpf_comprador,ven_cnpj_comprador,funcionarios_fun_id) VALUES (33,'21/12/2020',143,33,18634022725,NULL,4);
INSERT INTO VENDAS(ven_id,ven_data,ven_valor_final,ven_valor_icms_total,ven_cpf_comprador,ven_cnpj_comprador,funcionarios_fun_id) VALUES (34,'29/09/2021',105,53,15468914491,NULL,3);
INSERT INTO VENDAS(ven_id,ven_data,ven_valor_final,ven_valor_icms_total,ven_cpf_comprador,ven_cnpj_comprador,funcionarios_fun_id) VALUES (35,'12/02/2022',146,61,11365527206,NULL,4);
INSERT INTO VENDAS(ven_id,ven_data,ven_valor_final,ven_valor_icms_total,ven_cpf_comprador,ven_cnpj_comprador,funcionarios_fun_id) VALUES (36,'21/03/2021',108,32,14791638582,NULL,8);
INSERT INTO VENDAS(ven_id,ven_data,ven_valor_final,ven_valor_icms_total,ven_cpf_comprador,ven_cnpj_comprador,funcionarios_fun_id) VALUES (37,'24/01/2022',113,55,16602680576,NULL,8);
INSERT INTO VENDAS(ven_id,ven_data,ven_valor_final,ven_valor_icms_total,ven_cpf_comprador,ven_cnpj_comprador,funcionarios_fun_id) VALUES (38,'25/04/2021',122,64,12787225974,NULL,2);
INSERT INTO VENDAS(ven_id,ven_data,ven_valor_final,ven_valor_icms_total,ven_cpf_comprador,ven_cnpj_comprador,funcionarios_fun_id) VALUES (39,'25/12/2020',114,32,17733837111,NULL,5);
INSERT INTO VENDAS(ven_id,ven_data,ven_valor_final,ven_valor_icms_total,ven_cpf_comprador,ven_cnpj_comprador,funcionarios_fun_id) VALUES (40,'30/10/2021',135,31,10432160474,NULL,3);
INSERT INTO VENDAS(ven_id,ven_data,ven_valor_final,ven_valor_icms_total,ven_cpf_comprador,ven_cnpj_comprador,funcionarios_fun_id) VALUES (41,'18/02/2022',109,63,13557482332,NULL,7);
INSERT INTO VENDAS(ven_id,ven_data,ven_valor_final,ven_valor_icms_total,ven_cpf_comprador,ven_cnpj_comprador,funcionarios_fun_id) VALUES (42,'22/06/2021',143,34,16961812825,NULL,10);
INSERT INTO VENDAS(ven_id,ven_data,ven_valor_final,ven_valor_icms_total,ven_cpf_comprador,ven_cnpj_comprador,funcionarios_fun_id) VALUES (43,'21/05/2021',112,61,14827212152,NULL,6);
INSERT INTO VENDAS(ven_id,ven_data,ven_valor_final,ven_valor_icms_total,ven_cpf_comprador,ven_cnpj_comprador,funcionarios_fun_id) VALUES (44,'02/10/2022',134,52,19622284234,NULL,8);
INSERT INTO VENDAS(ven_id,ven_data,ven_valor_final,ven_valor_icms_total,ven_cpf_comprador,ven_cnpj_comprador,funcionarios_fun_id) VALUES (45,'30/12/2020',119,26,12686548247,NULL,8);
INSERT INTO VENDAS(ven_id,ven_data,ven_valor_final,ven_valor_icms_total,ven_cpf_comprador,ven_cnpj_comprador,funcionarios_fun_id) VALUES (46,'07/03/2022',138,25,15210193033,NULL,7);
INSERT INTO VENDAS(ven_id,ven_data,ven_valor_final,ven_valor_icms_total,ven_cpf_comprador,ven_cnpj_comprador,funcionarios_fun_id) VALUES (47,'23/11/2020',114,35,14325241269,NULL,5);
INSERT INTO VENDAS(ven_id,ven_data,ven_valor_final,ven_valor_icms_total,ven_cpf_comprador,ven_cnpj_comprador,funcionarios_fun_id) VALUES (48,'20/07/2022',112,46,12021967443,NULL,6);
INSERT INTO VENDAS(ven_id,ven_data,ven_valor_final,ven_valor_icms_total,ven_cpf_comprador,ven_cnpj_comprador,funcionarios_fun_id) VALUES (49,'18/05/2022',136,43,15643551393,NULL,7);
INSERT INTO VENDAS(ven_id,ven_data,ven_valor_final,ven_valor_icms_total,ven_cpf_comprador,ven_cnpj_comprador,funcionarios_fun_id) VALUES (50,'28/09/2022',130,31,13375565036,NULL,7);
INSERT INTO VENDAS(ven_id,ven_data,ven_valor_final,ven_valor_icms_total,ven_cpf_comprador,ven_cnpj_comprador,funcionarios_fun_id) VALUES (51,'21/09/2021',102,43,17001597179,NULL,5);
INSERT INTO VENDAS(ven_id,ven_data,ven_valor_final,ven_valor_icms_total,ven_cpf_comprador,ven_cnpj_comprador,funcionarios_fun_id) VALUES (52,'13/07/2022',142,36,18670414584,NULL,6);
INSERT INTO VENDAS(ven_id,ven_data,ven_valor_final,ven_valor_icms_total,ven_cpf_comprador,ven_cnpj_comprador,funcionarios_fun_id) VALUES (53,'11/09/2022',127,44,19849693453,NULL,4);
INSERT INTO VENDAS(ven_id,ven_data,ven_valor_final,ven_valor_icms_total,ven_cpf_comprador,ven_cnpj_comprador,funcionarios_fun_id) VALUES (54,'21/11/2021',119,62,18497568137,NULL,2);
INSERT INTO VENDAS(ven_id,ven_data,ven_valor_final,ven_valor_icms_total,ven_cpf_comprador,ven_cnpj_comprador,funcionarios_fun_id) VALUES (55,'02/05/2021',149,30,14801398723,NULL,2);
INSERT INTO VENDAS(ven_id,ven_data,ven_valor_final,ven_valor_icms_total,ven_cpf_comprador,ven_cnpj_comprador,funcionarios_fun_id) VALUES (56,'08/09/2022',115,49,12963663632,NULL,8);
INSERT INTO VENDAS(ven_id,ven_data,ven_valor_final,ven_valor_icms_total,ven_cpf_comprador,ven_cnpj_comprador,funcionarios_fun_id) VALUES (57,'25/03/2021',145,44,15292467192,NULL,5);
INSERT INTO VENDAS(ven_id,ven_data,ven_valor_final,ven_valor_icms_total,ven_cpf_comprador,ven_cnpj_comprador,funcionarios_fun_id) VALUES (58,'31/10/2020',110,48,18107050715,NULL,3);
INSERT INTO VENDAS(ven_id,ven_data,ven_valor_final,ven_valor_icms_total,ven_cpf_comprador,ven_cnpj_comprador,funcionarios_fun_id) VALUES (59,'22/07/2021',143,32,13746676783,NULL,8);
INSERT INTO VENDAS(ven_id,ven_data,ven_valor_final,ven_valor_icms_total,ven_cpf_comprador,ven_cnpj_comprador,funcionarios_fun_id) VALUES (60,'22/11/2020',112,59,18565382720,NULL,4);
INSERT INTO VENDAS(ven_id,ven_data,ven_valor_final,ven_valor_icms_total,ven_cpf_comprador,ven_cnpj_comprador,funcionarios_fun_id) VALUES (61,'13/05/2022',114,42,15718327752,NULL,2);
INSERT INTO VENDAS(ven_id,ven_data,ven_valor_final,ven_valor_icms_total,ven_cpf_comprador,ven_cnpj_comprador,funcionarios_fun_id) VALUES (62,'05/06/2021',139,61,14217191258,NULL,4);
INSERT INTO VENDAS(ven_id,ven_data,ven_valor_final,ven_valor_icms_total,ven_cpf_comprador,ven_cnpj_comprador,funcionarios_fun_id) VALUES (63,'04/03/2022',149,35,10373255453,NULL,4);
INSERT INTO VENDAS(ven_id,ven_data,ven_valor_final,ven_valor_icms_total,ven_cpf_comprador,ven_cnpj_comprador,funcionarios_fun_id) VALUES (64,'08/08/2022',107,34,15493123841,NULL,3);
INSERT INTO VENDAS(ven_id,ven_data,ven_valor_final,ven_valor_icms_total,ven_cpf_comprador,ven_cnpj_comprador,funcionarios_fun_id) VALUES (65,'13/06/2021',107,57,12776152409,NULL,6);
INSERT INTO VENDAS(ven_id,ven_data,ven_valor_final,ven_valor_icms_total,ven_cpf_comprador,ven_cnpj_comprador,funcionarios_fun_id) VALUES (66,'14/03/2022',123,32,14702111272,NULL,8);
INSERT INTO VENDAS(ven_id,ven_data,ven_valor_final,ven_valor_icms_total,ven_cpf_comprador,ven_cnpj_comprador,funcionarios_fun_id) VALUES (67,'31/05/2021',115,65,12816104221,NULL,3);
INSERT INTO VENDAS(ven_id,ven_data,ven_valor_final,ven_valor_icms_total,ven_cpf_comprador,ven_cnpj_comprador,funcionarios_fun_id) VALUES (68,'12/08/2022',118,36,18027571340,NULL,8);
INSERT INTO VENDAS(ven_id,ven_data,ven_valor_final,ven_valor_icms_total,ven_cpf_comprador,ven_cnpj_comprador,funcionarios_fun_id) VALUES (69,'21/03/2021',122,45,19178155356,NULL,2);
INSERT INTO VENDAS(ven_id,ven_data,ven_valor_final,ven_valor_icms_total,ven_cpf_comprador,ven_cnpj_comprador,funcionarios_fun_id) VALUES (70,'10/01/2022',120,58,13273446427,NULL,2);
INSERT INTO VENDAS(ven_id,ven_data,ven_valor_final,ven_valor_icms_total,ven_cpf_comprador,ven_cnpj_comprador,funcionarios_fun_id) VALUES (71,'07/07/2021',144,36,16874363574,NULL,8);
INSERT INTO VENDAS(ven_id,ven_data,ven_valor_final,ven_valor_icms_total,ven_cpf_comprador,ven_cnpj_comprador,funcionarios_fun_id) VALUES (72,'04/11/2021',102,30,11131683656,NULL,6);
INSERT INTO VENDAS(ven_id,ven_data,ven_valor_final,ven_valor_icms_total,ven_cpf_comprador,ven_cnpj_comprador,funcionarios_fun_id) VALUES (73,'29/09/2022',144,39,16784653686,NULL,5);
INSERT INTO VENDAS(ven_id,ven_data,ven_valor_final,ven_valor_icms_total,ven_cpf_comprador,ven_cnpj_comprador,funcionarios_fun_id) VALUES (74,'14/12/2020',114,54,11276680168,NULL,7);
INSERT INTO VENDAS(ven_id,ven_data,ven_valor_final,ven_valor_icms_total,ven_cpf_comprador,ven_cnpj_comprador,funcionarios_fun_id) VALUES (75,'30/12/2020',116,35,15618225717,NULL,8);
INSERT INTO VENDAS(ven_id,ven_data,ven_valor_final,ven_valor_icms_total,ven_cpf_comprador,ven_cnpj_comprador,funcionarios_fun_id) VALUES (76,'25/10/2021',116,26,11165648233,NULL,3);
INSERT INTO VENDAS(ven_id,ven_data,ven_valor_final,ven_valor_icms_total,ven_cpf_comprador,ven_cnpj_comprador,funcionarios_fun_id) VALUES (77,'19/11/2020',112,50,15221063244,NULL,6);
INSERT INTO VENDAS(ven_id,ven_data,ven_valor_final,ven_valor_icms_total,ven_cpf_comprador,ven_cnpj_comprador,funcionarios_fun_id) VALUES (78,'15/01/2021',133,62,11228173826,NULL,7);
INSERT INTO VENDAS(ven_id,ven_data,ven_valor_final,ven_valor_icms_total,ven_cpf_comprador,ven_cnpj_comprador,funcionarios_fun_id) VALUES (79,'18/10/2022',101,52,17552635760,NULL,9);
INSERT INTO VENDAS(ven_id,ven_data,ven_valor_final,ven_valor_icms_total,ven_cpf_comprador,ven_cnpj_comprador,funcionarios_fun_id) VALUES (80,'27/10/2021',109,26,17151220555,NULL,4);
INSERT INTO VENDAS(ven_id,ven_data,ven_valor_final,ven_valor_icms_total,ven_cpf_comprador,ven_cnpj_comprador,funcionarios_fun_id) VALUES (81,'24/01/2021',118,41,12441827542,NULL,6);
INSERT INTO VENDAS(ven_id,ven_data,ven_valor_final,ven_valor_icms_total,ven_cpf_comprador,ven_cnpj_comprador,funcionarios_fun_id) VALUES (82,'30/10/2020',108,52,17635055572,NULL,3);
INSERT INTO VENDAS(ven_id,ven_data,ven_valor_final,ven_valor_icms_total,ven_cpf_comprador,ven_cnpj_comprador,funcionarios_fun_id) VALUES (83,'19/04/2022',105,63,10724742283,NULL,7);
INSERT INTO VENDAS(ven_id,ven_data,ven_valor_final,ven_valor_icms_total,ven_cpf_comprador,ven_cnpj_comprador,funcionarios_fun_id) VALUES (84,'29/04/2021',147,44,16703816767,NULL,4);
INSERT INTO VENDAS(ven_id,ven_data,ven_valor_final,ven_valor_icms_total,ven_cpf_comprador,ven_cnpj_comprador,funcionarios_fun_id) VALUES (85,'29/03/2021',138,46,15227713516,NULL,2);
INSERT INTO VENDAS(ven_id,ven_data,ven_valor_final,ven_valor_icms_total,ven_cpf_comprador,ven_cnpj_comprador,funcionarios_fun_id) VALUES (86,'27/09/2021',147,42,14168567347,NULL,2);
INSERT INTO VENDAS(ven_id,ven_data,ven_valor_final,ven_valor_icms_total,ven_cpf_comprador,ven_cnpj_comprador,funcionarios_fun_id) VALUES (87,'05/01/2022',119,37,13416131677,NULL,4);
INSERT INTO VENDAS(ven_id,ven_data,ven_valor_final,ven_valor_icms_total,ven_cpf_comprador,ven_cnpj_comprador,funcionarios_fun_id) VALUES (88,'08/04/2021',134,34,16405566055,NULL,4);
INSERT INTO VENDAS(ven_id,ven_data,ven_valor_final,ven_valor_icms_total,ven_cpf_comprador,ven_cnpj_comprador,funcionarios_fun_id) VALUES (89,'10/12/2020',134,52,11255565066,NULL,7);
INSERT INTO VENDAS(ven_id,ven_data,ven_valor_final,ven_valor_icms_total,ven_cpf_comprador,ven_cnpj_comprador,funcionarios_fun_id) VALUES (90,'23/08/2021',143,56,17051472403,NULL,9);
INSERT INTO VENDAS(ven_id,ven_data,ven_valor_final,ven_valor_icms_total,ven_cpf_comprador,ven_cnpj_comprador,funcionarios_fun_id) VALUES (91,'18/04/2021',150,51,15243512768,NULL,7);
INSERT INTO VENDAS(ven_id,ven_data,ven_valor_final,ven_valor_icms_total,ven_cpf_comprador,ven_cnpj_comprador,funcionarios_fun_id) VALUES (92,'29/07/2021',145,44,13326216351,NULL,9);
INSERT INTO VENDAS(ven_id,ven_data,ven_valor_final,ven_valor_icms_total,ven_cpf_comprador,ven_cnpj_comprador,funcionarios_fun_id) VALUES (93,'13/07/2021',146,46,17306036176,NULL,9);
INSERT INTO VENDAS(ven_id,ven_data,ven_valor_final,ven_valor_icms_total,ven_cpf_comprador,ven_cnpj_comprador,funcionarios_fun_id) VALUES (94,'07/09/2021',138,43,12364690941,NULL,3);
INSERT INTO VENDAS(ven_id,ven_data,ven_valor_final,ven_valor_icms_total,ven_cpf_comprador,ven_cnpj_comprador,funcionarios_fun_id) VALUES (95,'01/09/2022',150,54,12298148367,NULL,7);
INSERT INTO VENDAS(ven_id,ven_data,ven_valor_final,ven_valor_icms_total,ven_cpf_comprador,ven_cnpj_comprador,funcionarios_fun_id) VALUES (96,'06/10/2022',104,47,15174428953,NULL,2);
INSERT INTO VENDAS(ven_id,ven_data,ven_valor_final,ven_valor_icms_total,ven_cpf_comprador,ven_cnpj_comprador,funcionarios_fun_id) VALUES (97,'09/06/2022',104,29,12128212171,NULL,5);
INSERT INTO VENDAS(ven_id,ven_data,ven_valor_final,ven_valor_icms_total,ven_cpf_comprador,ven_cnpj_comprador,funcionarios_fun_id) VALUES (98,'21/04/2021',111,25,13743695392,NULL,2);
INSERT INTO VENDAS(ven_id,ven_data,ven_valor_final,ven_valor_icms_total,ven_cpf_comprador,ven_cnpj_comprador,funcionarios_fun_id) VALUES (99,'13/01/2022',148,58,13136866322,NULL,3);
INSERT INTO VENDAS(ven_id,ven_data,ven_valor_final,ven_valor_icms_total,ven_cpf_comprador,ven_cnpj_comprador,funcionarios_fun_id) VALUES (100,'24/01/2022',133,64,12821923478,NULL,5);
INSERT INTO VENDAS(ven_id,ven_data,ven_valor_final,ven_valor_icms_total,ven_cpf_comprador,ven_cnpj_comprador,funcionarios_fun_id) VALUES (101,'21/03/2022',118,56,15444562336,NULL,6);
INSERT INTO VENDAS(ven_id,ven_data,ven_valor_final,ven_valor_icms_total,ven_cpf_comprador,ven_cnpj_comprador,funcionarios_fun_id) VALUES (102,'27/04/2021',144,28,15233376460,NULL,4);
INSERT INTO VENDAS(ven_id,ven_data,ven_valor_final,ven_valor_icms_total,ven_cpf_comprador,ven_cnpj_comprador,funcionarios_fun_id) VALUES (103,'09/10/2021',136,64,18257302529,NULL,7);
INSERT INTO VENDAS(ven_id,ven_data,ven_valor_final,ven_valor_icms_total,ven_cpf_comprador,ven_cnpj_comprador,funcionarios_fun_id) VALUES (104,'23/01/2021',119,53,11685691395,NULL,8);
INSERT INTO VENDAS(ven_id,ven_data,ven_valor_final,ven_valor_icms_total,ven_cpf_comprador,ven_cnpj_comprador,funcionarios_fun_id) VALUES (105,'20/08/2022',132,52,10824272258,NULL,3);
INSERT INTO VENDAS(ven_id,ven_data,ven_valor_final,ven_valor_icms_total,ven_cpf_comprador,ven_cnpj_comprador,funcionarios_fun_id) VALUES (106,'27/03/2021',143,64,19651081116,NULL,5);
INSERT INTO VENDAS(ven_id,ven_data,ven_valor_final,ven_valor_icms_total,ven_cpf_comprador,ven_cnpj_comprador,funcionarios_fun_id) VALUES (107,'11/06/2022',131,32,13177346744,NULL,1);
INSERT INTO VENDAS(ven_id,ven_data,ven_valor_final,ven_valor_icms_total,ven_cpf_comprador,ven_cnpj_comprador,funcionarios_fun_id) VALUES (108,'14/04/2021',111,38,11170907048,NULL,8);
INSERT INTO VENDAS(ven_id,ven_data,ven_valor_final,ven_valor_icms_total,ven_cpf_comprador,ven_cnpj_comprador,funcionarios_fun_id) VALUES (109,'04/05/2021',128,53,11318044249,NULL,8);
INSERT INTO VENDAS(ven_id,ven_data,ven_valor_final,ven_valor_icms_total,ven_cpf_comprador,ven_cnpj_comprador,funcionarios_fun_id) VALUES (110,'25/07/2022',112,33,19022462709,NULL,7);
INSERT INTO VENDAS(ven_id,ven_data,ven_valor_final,ven_valor_icms_total,ven_cpf_comprador,ven_cnpj_comprador,funcionarios_fun_id) VALUES (111,'13/12/2021',141,38,17886592861,NULL,3);
INSERT INTO VENDAS(ven_id,ven_data,ven_valor_final,ven_valor_icms_total,ven_cpf_comprador,ven_cnpj_comprador,funcionarios_fun_id) VALUES (112,'09/11/2020',125,49,18862983151,NULL,4);
INSERT INTO VENDAS(ven_id,ven_data,ven_valor_final,ven_valor_icms_total,ven_cpf_comprador,ven_cnpj_comprador,funcionarios_fun_id) VALUES (113,'07/03/2021',118,64,14111859089,NULL,5);
INSERT INTO VENDAS(ven_id,ven_data,ven_valor_final,ven_valor_icms_total,ven_cpf_comprador,ven_cnpj_comprador,funcionarios_fun_id) VALUES (114,'20/08/2022',111,33,11281970912,NULL,7);
INSERT INTO VENDAS(ven_id,ven_data,ven_valor_final,ven_valor_icms_total,ven_cpf_comprador,ven_cnpj_comprador,funcionarios_fun_id) VALUES (115,'18/12/2021',145,49,12306696028,NULL,6);
INSERT INTO VENDAS(ven_id,ven_data,ven_valor_final,ven_valor_icms_total,ven_cpf_comprador,ven_cnpj_comprador,funcionarios_fun_id) VALUES (116,'07/01/2022',132,48,11699586142,NULL,7);
INSERT INTO VENDAS(ven_id,ven_data,ven_valor_final,ven_valor_icms_total,ven_cpf_comprador,ven_cnpj_comprador,funcionarios_fun_id) VALUES (117,'16/09/2021',150,57,12642839790,NULL,5);
INSERT INTO VENDAS(ven_id,ven_data,ven_valor_final,ven_valor_icms_total,ven_cpf_comprador,ven_cnpj_comprador,funcionarios_fun_id) VALUES (118,'21/04/2021',116,57,11751128695,NULL,8);
INSERT INTO VENDAS(ven_id,ven_data,ven_valor_final,ven_valor_icms_total,ven_cpf_comprador,ven_cnpj_comprador,funcionarios_fun_id) VALUES (119,'28/02/2021',116,43,10887636208,NULL,9);
INSERT INTO VENDAS(ven_id,ven_data,ven_valor_final,ven_valor_icms_total,ven_cpf_comprador,ven_cnpj_comprador,funcionarios_fun_id) VALUES (120,'15/07/2021',136,60,12898945278,NULL,1);
INSERT INTO VENDAS(ven_id,ven_data,ven_valor_final,ven_valor_icms_total,ven_cpf_comprador,ven_cnpj_comprador,funcionarios_fun_id) VALUES (121,'12/05/2022',124,26,13384354340,NULL,5);
INSERT INTO VENDAS(ven_id,ven_data,ven_valor_final,ven_valor_icms_total,ven_cpf_comprador,ven_cnpj_comprador,funcionarios_fun_id) VALUES (122,'23/08/2022',121,63,11403162963,NULL,7);
INSERT INTO VENDAS(ven_id,ven_data,ven_valor_final,ven_valor_icms_total,ven_cpf_comprador,ven_cnpj_comprador,funcionarios_fun_id) VALUES (123,'06/08/2022',127,47,15962741466,NULL,7);
INSERT INTO VENDAS(ven_id,ven_data,ven_valor_final,ven_valor_icms_total,ven_cpf_comprador,ven_cnpj_comprador,funcionarios_fun_id) VALUES (124,'27/09/2021',109,31,15616138645,NULL,2);
INSERT INTO VENDAS(ven_id,ven_data,ven_valor_final,ven_valor_icms_total,ven_cpf_comprador,ven_cnpj_comprador,funcionarios_fun_id) VALUES (125,'12/06/2022',140,35,13564216726,NULL,7);
INSERT INTO VENDAS(ven_id,ven_data,ven_valor_final,ven_valor_icms_total,ven_cpf_comprador,ven_cnpj_comprador,funcionarios_fun_id) VALUES (126,'07/05/2021',146,55,13745099628,NULL,4);
INSERT INTO VENDAS(ven_id,ven_data,ven_valor_final,ven_valor_icms_total,ven_cpf_comprador,ven_cnpj_comprador,funcionarios_fun_id) VALUES (127,'13/11/2021',106,44,18677518295,NULL,8);
INSERT INTO VENDAS(ven_id,ven_data,ven_valor_final,ven_valor_icms_total,ven_cpf_comprador,ven_cnpj_comprador,funcionarios_fun_id) VALUES (128,'08/01/2022',115,45,19550224055,NULL,5);
INSERT INTO VENDAS(ven_id,ven_data,ven_valor_final,ven_valor_icms_total,ven_cpf_comprador,ven_cnpj_comprador,funcionarios_fun_id) VALUES (129,'04/04/2022',117,58,11542156878,NULL,6);
INSERT INTO VENDAS(ven_id,ven_data,ven_valor_final,ven_valor_icms_total,ven_cpf_comprador,ven_cnpj_comprador,funcionarios_fun_id) VALUES (130,'20/12/2021',116,34,17607513938,NULL,6);
INSERT INTO VENDAS(ven_id,ven_data,ven_valor_final,ven_valor_icms_total,ven_cpf_comprador,ven_cnpj_comprador,funcionarios_fun_id) VALUES (131,'15/06/2022',132,36,14264421374,NULL,7);
INSERT INTO VENDAS(ven_id,ven_data,ven_valor_final,ven_valor_icms_total,ven_cpf_comprador,ven_cnpj_comprador,funcionarios_fun_id) VALUES (132,'13/03/2021',108,44,15556685574,NULL,1);
INSERT INTO VENDAS(ven_id,ven_data,ven_valor_final,ven_valor_icms_total,ven_cpf_comprador,ven_cnpj_comprador,funcionarios_fun_id) VALUES (133,'15/08/2022',141,29,13323858470,NULL,1);
INSERT INTO VENDAS(ven_id,ven_data,ven_valor_final,ven_valor_icms_total,ven_cpf_comprador,ven_cnpj_comprador,funcionarios_fun_id) VALUES (134,'21/09/2021',143,44,11614182564,NULL,1);
INSERT INTO VENDAS(ven_id,ven_data,ven_valor_final,ven_valor_icms_total,ven_cpf_comprador,ven_cnpj_comprador,funcionarios_fun_id) VALUES (135,'26/01/2022',124,53,11425533787,NULL,3);
INSERT INTO VENDAS(ven_id,ven_data,ven_valor_final,ven_valor_icms_total,ven_cpf_comprador,ven_cnpj_comprador,funcionarios_fun_id) VALUES (136,'28/06/2022',119,35,18038463042,NULL,8);
INSERT INTO VENDAS(ven_id,ven_data,ven_valor_final,ven_valor_icms_total,ven_cpf_comprador,ven_cnpj_comprador,funcionarios_fun_id) VALUES (137,'11/07/2021',136,62,11326289765,NULL,6);
INSERT INTO VENDAS(ven_id,ven_data,ven_valor_final,ven_valor_icms_total,ven_cpf_comprador,ven_cnpj_comprador,funcionarios_fun_id) VALUES (138,'30/09/2021',128,39,12230834710,NULL,6);
INSERT INTO VENDAS(ven_id,ven_data,ven_valor_final,ven_valor_icms_total,ven_cpf_comprador,ven_cnpj_comprador,funcionarios_fun_id) VALUES (139,'28/12/2021',146,45,17327803656,NULL,3);
INSERT INTO VENDAS(ven_id,ven_data,ven_valor_final,ven_valor_icms_total,ven_cpf_comprador,ven_cnpj_comprador,funcionarios_fun_id) VALUES (140,'09/06/2022',118,34,17518957389,NULL,7);
INSERT INTO VENDAS(ven_id,ven_data,ven_valor_final,ven_valor_icms_total,ven_cpf_comprador,ven_cnpj_comprador,funcionarios_fun_id) VALUES (141,'18/06/2022',119,28,15711861038,NULL,9);
INSERT INTO VENDAS(ven_id,ven_data,ven_valor_final,ven_valor_icms_total,ven_cpf_comprador,ven_cnpj_comprador,funcionarios_fun_id) VALUES (142,'16/08/2021',144,38,14233007578,NULL,9);
INSERT INTO VENDAS(ven_id,ven_data,ven_valor_final,ven_valor_icms_total,ven_cpf_comprador,ven_cnpj_comprador,funcionarios_fun_id) VALUES (143,'03/11/2021',114,55,18529560395,NULL,2);
INSERT INTO VENDAS(ven_id,ven_data,ven_valor_final,ven_valor_icms_total,ven_cpf_comprador,ven_cnpj_comprador,funcionarios_fun_id) VALUES (144,'09/10/2022',143,57,17491347461,NULL,7);
INSERT INTO VENDAS(ven_id,ven_data,ven_valor_final,ven_valor_icms_total,ven_cpf_comprador,ven_cnpj_comprador,funcionarios_fun_id) VALUES (145,'22/09/2021',101,26,15368813245,NULL,3);
INSERT INTO VENDAS(ven_id,ven_data,ven_valor_final,ven_valor_icms_total,ven_cpf_comprador,ven_cnpj_comprador,funcionarios_fun_id) VALUES (146,'27/05/2021',150,26,17033675167,NULL,4);
INSERT INTO VENDAS(ven_id,ven_data,ven_valor_final,ven_valor_icms_total,ven_cpf_comprador,ven_cnpj_comprador,funcionarios_fun_id) VALUES (147,'19/06/2022',118,28,10151285638,NULL,7);
INSERT INTO VENDAS(ven_id,ven_data,ven_valor_final,ven_valor_icms_total,ven_cpf_comprador,ven_cnpj_comprador,funcionarios_fun_id) VALUES (148,'14/01/2022',117,34,16255352411,NULL,9);
INSERT INTO VENDAS(ven_id,ven_data,ven_valor_final,ven_valor_icms_total,ven_cpf_comprador,ven_cnpj_comprador,funcionarios_fun_id) VALUES (149,'03/04/2021',122,63,17847332512,NULL,3);
INSERT INTO VENDAS(ven_id,ven_data,ven_valor_final,ven_valor_icms_total,ven_cpf_comprador,ven_cnpj_comprador,funcionarios_fun_id) VALUES (150,'02/08/2022',103,60,16782735530,NULL,10);
INSERT INTO VENDAS(ven_id,ven_data,ven_valor_final,ven_valor_icms_total,ven_cpf_comprador,ven_cnpj_comprador,funcionarios_fun_id) VALUES (151,'28/05/2022',145,54,17856458714,NULL,8);
INSERT INTO VENDAS(ven_id,ven_data,ven_valor_final,ven_valor_icms_total,ven_cpf_comprador,ven_cnpj_comprador,funcionarios_fun_id) VALUES (152,'13/09/2022',130,38,15486646348,NULL,1);
INSERT INTO VENDAS(ven_id,ven_data,ven_valor_final,ven_valor_icms_total,ven_cpf_comprador,ven_cnpj_comprador,funcionarios_fun_id) VALUES (153,'21/05/2021',111,48,16876384053,NULL,4);
INSERT INTO VENDAS(ven_id,ven_data,ven_valor_final,ven_valor_icms_total,ven_cpf_comprador,ven_cnpj_comprador,funcionarios_fun_id) VALUES (154,'08/09/2021',123,45,18264715307,NULL,10);
INSERT INTO VENDAS(ven_id,ven_data,ven_valor_final,ven_valor_icms_total,ven_cpf_comprador,ven_cnpj_comprador,funcionarios_fun_id) VALUES (155,'06/08/2021',143,33,16984147117,NULL,8);
INSERT INTO VENDAS(ven_id,ven_data,ven_valor_final,ven_valor_icms_total,ven_cpf_comprador,ven_cnpj_comprador,funcionarios_fun_id) VALUES (156,'19/03/2022',140,43,18837882074,NULL,3);
INSERT INTO VENDAS(ven_id,ven_data,ven_valor_final,ven_valor_icms_total,ven_cpf_comprador,ven_cnpj_comprador,funcionarios_fun_id) VALUES (157,'12/03/2022',106,53,11776362667,NULL,5);
INSERT INTO VENDAS(ven_id,ven_data,ven_valor_final,ven_valor_icms_total,ven_cpf_comprador,ven_cnpj_comprador,funcionarios_fun_id) VALUES (158,'19/01/2022',118,54,15560267940,NULL,6);
INSERT INTO VENDAS(ven_id,ven_data,ven_valor_final,ven_valor_icms_total,ven_cpf_comprador,ven_cnpj_comprador,funcionarios_fun_id) VALUES (159,'01/10/2022',129,60,18154228334,NULL,8);
INSERT INTO VENDAS(ven_id,ven_data,ven_valor_final,ven_valor_icms_total,ven_cpf_comprador,ven_cnpj_comprador,funcionarios_fun_id) VALUES (160,'29/03/2022',114,58,12915841558,NULL,9);
INSERT INTO VENDAS(ven_id,ven_data,ven_valor_final,ven_valor_icms_total,ven_cpf_comprador,ven_cnpj_comprador,funcionarios_fun_id) VALUES (161,'25/12/2021',142,55,11132557566,NULL,7);
INSERT INTO VENDAS(ven_id,ven_data,ven_valor_final,ven_valor_icms_total,ven_cpf_comprador,ven_cnpj_comprador,funcionarios_fun_id) VALUES (162,'28/09/2022',120,64,14887449238,NULL,7);
INSERT INTO VENDAS(ven_id,ven_data,ven_valor_final,ven_valor_icms_total,ven_cpf_comprador,ven_cnpj_comprador,funcionarios_fun_id) VALUES (163,'23/04/2021',123,57,10382172423,NULL,4);
INSERT INTO VENDAS(ven_id,ven_data,ven_valor_final,ven_valor_icms_total,ven_cpf_comprador,ven_cnpj_comprador,funcionarios_fun_id) VALUES (164,'20/05/2022',139,43,17328311191,NULL,3);
INSERT INTO VENDAS(ven_id,ven_data,ven_valor_final,ven_valor_icms_total,ven_cpf_comprador,ven_cnpj_comprador,funcionarios_fun_id) VALUES (165,'19/02/2022',118,45,15461680664,NULL,3);
INSERT INTO VENDAS(ven_id,ven_data,ven_valor_final,ven_valor_icms_total,ven_cpf_comprador,ven_cnpj_comprador,funcionarios_fun_id) VALUES (166,'31/07/2022',120,42,18662564752,NULL,1);
INSERT INTO VENDAS(ven_id,ven_data,ven_valor_final,ven_valor_icms_total,ven_cpf_comprador,ven_cnpj_comprador,funcionarios_fun_id) VALUES (167,'05/02/2021',144,54,18471743850,NULL,7);
INSERT INTO VENDAS(ven_id,ven_data,ven_valor_final,ven_valor_icms_total,ven_cpf_comprador,ven_cnpj_comprador,funcionarios_fun_id) VALUES (168,'07/03/2021',120,53,15377156575,NULL,5);
INSERT INTO VENDAS(ven_id,ven_data,ven_valor_final,ven_valor_icms_total,ven_cpf_comprador,ven_cnpj_comprador,funcionarios_fun_id) VALUES (169,'23/04/2021',128,48,14264885438,NULL,9);
INSERT INTO VENDAS(ven_id,ven_data,ven_valor_final,ven_valor_icms_total,ven_cpf_comprador,ven_cnpj_comprador,funcionarios_fun_id) VALUES (170,'12/08/2021',145,45,16538674284,NULL,5);
INSERT INTO VENDAS(ven_id,ven_data,ven_valor_final,ven_valor_icms_total,ven_cpf_comprador,ven_cnpj_comprador,funcionarios_fun_id) VALUES (171,'21/01/2022',142,53,15357827125,NULL,2);
INSERT INTO VENDAS(ven_id,ven_data,ven_valor_final,ven_valor_icms_total,ven_cpf_comprador,ven_cnpj_comprador,funcionarios_fun_id) VALUES (172,'25/05/2021',117,58,11448137142,NULL,8);
INSERT INTO VENDAS(ven_id,ven_data,ven_valor_final,ven_valor_icms_total,ven_cpf_comprador,ven_cnpj_comprador,funcionarios_fun_id) VALUES (173,'05/10/2022',102,26,15276428017,NULL,1);
INSERT INTO VENDAS(ven_id,ven_data,ven_valor_final,ven_valor_icms_total,ven_cpf_comprador,ven_cnpj_comprador,funcionarios_fun_id) VALUES (174,'03/04/2022',140,57,15372622669,NULL,8);
INSERT INTO VENDAS(ven_id,ven_data,ven_valor_final,ven_valor_icms_total,ven_cpf_comprador,ven_cnpj_comprador,funcionarios_fun_id) VALUES (175,'28/12/2020',109,31,18633335266,NULL,7);
INSERT INTO VENDAS(ven_id,ven_data,ven_valor_final,ven_valor_icms_total,ven_cpf_comprador,ven_cnpj_comprador,funcionarios_fun_id) VALUES (176,'25/10/2022',119,60,13233747568,NULL,10);
INSERT INTO VENDAS(ven_id,ven_data,ven_valor_final,ven_valor_icms_total,ven_cpf_comprador,ven_cnpj_comprador,funcionarios_fun_id) VALUES (177,'12/02/2022',123,43,18411740558,NULL,4);
INSERT INTO VENDAS(ven_id,ven_data,ven_valor_final,ven_valor_icms_total,ven_cpf_comprador,ven_cnpj_comprador,funcionarios_fun_id) VALUES (178,'20/03/2022',113,25,12442674862,NULL,6);
INSERT INTO VENDAS(ven_id,ven_data,ven_valor_final,ven_valor_icms_total,ven_cpf_comprador,ven_cnpj_comprador,funcionarios_fun_id) VALUES (179,'26/04/2022',145,42,15128218459,NULL,6);
INSERT INTO VENDAS(ven_id,ven_data,ven_valor_final,ven_valor_icms_total,ven_cpf_comprador,ven_cnpj_comprador,funcionarios_fun_id) VALUES (180,'29/07/2022',103,46,12271467086,NULL,5);
INSERT INTO VENDAS(ven_id,ven_data,ven_valor_final,ven_valor_icms_total,ven_cpf_comprador,ven_cnpj_comprador,funcionarios_fun_id) VALUES (181,'03/12/2021',133,54,12730821362,NULL,2);
INSERT INTO VENDAS(ven_id,ven_data,ven_valor_final,ven_valor_icms_total,ven_cpf_comprador,ven_cnpj_comprador,funcionarios_fun_id) VALUES (182,'02/06/2022',136,43,13243609776,NULL,2);
INSERT INTO VENDAS(ven_id,ven_data,ven_valor_final,ven_valor_icms_total,ven_cpf_comprador,ven_cnpj_comprador,funcionarios_fun_id) VALUES (183,'01/06/2021',136,64,13711868672,NULL,2);
INSERT INTO VENDAS(ven_id,ven_data,ven_valor_final,ven_valor_icms_total,ven_cpf_comprador,ven_cnpj_comprador,funcionarios_fun_id) VALUES (184,'05/11/2020',104,32,16751383812,NULL,5);
INSERT INTO VENDAS(ven_id,ven_data,ven_valor_final,ven_valor_icms_total,ven_cpf_comprador,ven_cnpj_comprador,funcionarios_fun_id) VALUES (185,'14/01/2022',106,64,11428166075,NULL,4);
INSERT INTO VENDAS(ven_id,ven_data,ven_valor_final,ven_valor_icms_total,ven_cpf_comprador,ven_cnpj_comprador,funcionarios_fun_id) VALUES (186,'23/04/2022',134,58,17671540781,NULL,6);
INSERT INTO VENDAS(ven_id,ven_data,ven_valor_final,ven_valor_icms_total,ven_cpf_comprador,ven_cnpj_comprador,funcionarios_fun_id) VALUES (187,'25/09/2022',135,46,13776617719,NULL,5);
INSERT INTO VENDAS(ven_id,ven_data,ven_valor_final,ven_valor_icms_total,ven_cpf_comprador,ven_cnpj_comprador,funcionarios_fun_id) VALUES (188,'03/05/2021',115,54,11088987866,NULL,10);
INSERT INTO VENDAS(ven_id,ven_data,ven_valor_final,ven_valor_icms_total,ven_cpf_comprador,ven_cnpj_comprador,funcionarios_fun_id) VALUES (189,'06/09/2022',126,57,19331212472,NULL,1);
INSERT INTO VENDAS(ven_id,ven_data,ven_valor_final,ven_valor_icms_total,ven_cpf_comprador,ven_cnpj_comprador,funcionarios_fun_id) VALUES (190,'29/07/2021',114,45,13786545835,NULL,3);
INSERT INTO VENDAS(ven_id,ven_data,ven_valor_final,ven_valor_icms_total,ven_cpf_comprador,ven_cnpj_comprador,funcionarios_fun_id) VALUES (191,'01/01/2021',120,58,13328354930,NULL,6);
INSERT INTO VENDAS(ven_id,ven_data,ven_valor_final,ven_valor_icms_total,ven_cpf_comprador,ven_cnpj_comprador,funcionarios_fun_id) VALUES (192,'08/09/2021',122,33,13048452280,NULL,9);
INSERT INTO VENDAS(ven_id,ven_data,ven_valor_final,ven_valor_icms_total,ven_cpf_comprador,ven_cnpj_comprador,funcionarios_fun_id) VALUES (193,'18/12/2021',115,33,17346752462,NULL,8);
INSERT INTO VENDAS(ven_id,ven_data,ven_valor_final,ven_valor_icms_total,ven_cpf_comprador,ven_cnpj_comprador,funcionarios_fun_id) VALUES (194,'26/02/2021',148,48,13665824583,NULL,4);
INSERT INTO VENDAS(ven_id,ven_data,ven_valor_final,ven_valor_icms_total,ven_cpf_comprador,ven_cnpj_comprador,funcionarios_fun_id) VALUES (195,'29/10/2021',110,35,19066783767,NULL,6);
INSERT INTO VENDAS(ven_id,ven_data,ven_valor_final,ven_valor_icms_total,ven_cpf_comprador,ven_cnpj_comprador,funcionarios_fun_id) VALUES (196,'17/06/2021',132,44,13327547593,NULL,2);
INSERT INTO VENDAS(ven_id,ven_data,ven_valor_final,ven_valor_icms_total,ven_cpf_comprador,ven_cnpj_comprador,funcionarios_fun_id) VALUES (197,'19/10/2021',144,42,12713459216,NULL,9);
INSERT INTO VENDAS(ven_id,ven_data,ven_valor_final,ven_valor_icms_total,ven_cpf_comprador,ven_cnpj_comprador,funcionarios_fun_id) VALUES (198,'20/11/2020',105,57,11255157240,NULL,5);
INSERT INTO VENDAS(ven_id,ven_data,ven_valor_final,ven_valor_icms_total,ven_cpf_comprador,ven_cnpj_comprador,funcionarios_fun_id) VALUES (199,'04/09/2022',144,46,11186788872,NULL,3);
INSERT INTO VENDAS(ven_id,ven_data,ven_valor_final,ven_valor_icms_total,ven_cpf_comprador,ven_cnpj_comprador,funcionarios_fun_id) VALUES (200,'06/09/2022',116,61,19791501889,NULL,9);
INSERT INTO VENDAS(ven_id,ven_data,ven_valor_final,ven_valor_icms_total,ven_cpf_comprador,ven_cnpj_comprador,funcionarios_fun_id) VALUES (201,'23/09/2021',144,46,17254586157,NULL,6);
INSERT INTO VENDAS(ven_id,ven_data,ven_valor_final,ven_valor_icms_total,ven_cpf_comprador,ven_cnpj_comprador,funcionarios_fun_id) VALUES (202,'04/09/2022',131,27,11286023536,NULL,6);
INSERT INTO VENDAS(ven_id,ven_data,ven_valor_final,ven_valor_icms_total,ven_cpf_comprador,ven_cnpj_comprador,funcionarios_fun_id) VALUES (203,'22/06/2021',104,48,12143632197,NULL,9);
INSERT INTO VENDAS(ven_id,ven_data,ven_valor_final,ven_valor_icms_total,ven_cpf_comprador,ven_cnpj_comprador,funcionarios_fun_id) VALUES (204,'19/09/2021',119,40,18701304017,NULL,1);
INSERT INTO VENDAS(ven_id,ven_data,ven_valor_final,ven_valor_icms_total,ven_cpf_comprador,ven_cnpj_comprador,funcionarios_fun_id) VALUES (205,'29/04/2022',132,32,11157234441,NULL,7);
INSERT INTO VENDAS(ven_id,ven_data,ven_valor_final,ven_valor_icms_total,ven_cpf_comprador,ven_cnpj_comprador,funcionarios_fun_id) VALUES (206,'08/02/2022',100,57,14543598459,NULL,1);
INSERT INTO VENDAS(ven_id,ven_data,ven_valor_final,ven_valor_icms_total,ven_cpf_comprador,ven_cnpj_comprador,funcionarios_fun_id) VALUES (207,'11/03/2021',135,40,15741932624,NULL,4);
INSERT INTO VENDAS(ven_id,ven_data,ven_valor_final,ven_valor_icms_total,ven_cpf_comprador,ven_cnpj_comprador,funcionarios_fun_id) VALUES (208,'31/05/2021',111,29,12236532433,NULL,3);
INSERT INTO VENDAS(ven_id,ven_data,ven_valor_final,ven_valor_icms_total,ven_cpf_comprador,ven_cnpj_comprador,funcionarios_fun_id) VALUES (209,'14/12/2021',109,54,12045684232,NULL,10);
INSERT INTO VENDAS(ven_id,ven_data,ven_valor_final,ven_valor_icms_total,ven_cpf_comprador,ven_cnpj_comprador,funcionarios_fun_id) VALUES (210,'25/07/2022',109,26,16721136057,NULL,7);
INSERT INTO VENDAS(ven_id,ven_data,ven_valor_final,ven_valor_icms_total,ven_cpf_comprador,ven_cnpj_comprador,funcionarios_fun_id) VALUES (211,'30/06/2022',105,40,13447731772,NULL,4);
INSERT INTO VENDAS(ven_id,ven_data,ven_valor_final,ven_valor_icms_total,ven_cpf_comprador,ven_cnpj_comprador,funcionarios_fun_id) VALUES (212,'31/07/2021',135,28,10878173551,NULL,8);
INSERT INTO VENDAS(ven_id,ven_data,ven_valor_final,ven_valor_icms_total,ven_cpf_comprador,ven_cnpj_comprador,funcionarios_fun_id) VALUES (213,'10/08/2022',107,63,12771243341,NULL,9);
INSERT INTO VENDAS(ven_id,ven_data,ven_valor_final,ven_valor_icms_total,ven_cpf_comprador,ven_cnpj_comprador,funcionarios_fun_id) VALUES (214,'13/12/2020',148,63,16141886897,NULL,1);
INSERT INTO VENDAS(ven_id,ven_data,ven_valor_final,ven_valor_icms_total,ven_cpf_comprador,ven_cnpj_comprador,funcionarios_fun_id) VALUES (215,'30/10/2020',127,48,17754316386,NULL,10);
INSERT INTO VENDAS(ven_id,ven_data,ven_valor_final,ven_valor_icms_total,ven_cpf_comprador,ven_cnpj_comprador,funcionarios_fun_id) VALUES (216,'07/05/2021',131,61,15201226572,NULL,3);
INSERT INTO VENDAS(ven_id,ven_data,ven_valor_final,ven_valor_icms_total,ven_cpf_comprador,ven_cnpj_comprador,funcionarios_fun_id) VALUES (217,'04/03/2022',111,33,17512731727,NULL,4);
INSERT INTO VENDAS(ven_id,ven_data,ven_valor_final,ven_valor_icms_total,ven_cpf_comprador,ven_cnpj_comprador,funcionarios_fun_id) VALUES (218,'28/11/2021',149,38,13851444759,NULL,5);
INSERT INTO VENDAS(ven_id,ven_data,ven_valor_final,ven_valor_icms_total,ven_cpf_comprador,ven_cnpj_comprador,funcionarios_fun_id) VALUES (219,'26/06/2021',126,61,17523673619,NULL,2);
INSERT INTO VENDAS(ven_id,ven_data,ven_valor_final,ven_valor_icms_total,ven_cpf_comprador,ven_cnpj_comprador,funcionarios_fun_id) VALUES (220,'25/08/2022',126,33,14736514529,NULL,8);
INSERT INTO VENDAS(ven_id,ven_data,ven_valor_final,ven_valor_icms_total,ven_cpf_comprador,ven_cnpj_comprador,funcionarios_fun_id) VALUES (221,'19/04/2022',124,36,17339168110,NULL,10);
INSERT INTO VENDAS(ven_id,ven_data,ven_valor_final,ven_valor_icms_total,ven_cpf_comprador,ven_cnpj_comprador,funcionarios_fun_id) VALUES (222,'24/03/2022',134,61,12538528171,NULL,3);
INSERT INTO VENDAS(ven_id,ven_data,ven_valor_final,ven_valor_icms_total,ven_cpf_comprador,ven_cnpj_comprador,funcionarios_fun_id) VALUES (223,'04/01/2022',113,62,18178943564,NULL,9);
INSERT INTO VENDAS(ven_id,ven_data,ven_valor_final,ven_valor_icms_total,ven_cpf_comprador,ven_cnpj_comprador,funcionarios_fun_id) VALUES (224,'10/09/2021',118,64,17204384487,NULL,3);
INSERT INTO VENDAS(ven_id,ven_data,ven_valor_final,ven_valor_icms_total,ven_cpf_comprador,ven_cnpj_comprador,funcionarios_fun_id) VALUES (225,'15/09/2022',114,31,15485141328,NULL,4);
INSERT INTO VENDAS(ven_id,ven_data,ven_valor_final,ven_valor_icms_total,ven_cpf_comprador,ven_cnpj_comprador,funcionarios_fun_id) VALUES (226,'20/04/2021',139,64,11563839553,NULL,7);
INSERT INTO VENDAS(ven_id,ven_data,ven_valor_final,ven_valor_icms_total,ven_cpf_comprador,ven_cnpj_comprador,funcionarios_fun_id) VALUES (227,'23/12/2020',143,46,18636386783,NULL,3);
INSERT INTO VENDAS(ven_id,ven_data,ven_valor_final,ven_valor_icms_total,ven_cpf_comprador,ven_cnpj_comprador,funcionarios_fun_id) VALUES (228,'28/08/2021',129,45,14271882487,NULL,6);
INSERT INTO VENDAS(ven_id,ven_data,ven_valor_final,ven_valor_icms_total,ven_cpf_comprador,ven_cnpj_comprador,funcionarios_fun_id) VALUES (229,'30/09/2021',133,49,17449664719,NULL,4);
INSERT INTO VENDAS(ven_id,ven_data,ven_valor_final,ven_valor_icms_total,ven_cpf_comprador,ven_cnpj_comprador,funcionarios_fun_id) VALUES (230,'07/02/2022',100,44,11135514336,NULL,3);
INSERT INTO VENDAS(ven_id,ven_data,ven_valor_final,ven_valor_icms_total,ven_cpf_comprador,ven_cnpj_comprador,funcionarios_fun_id) VALUES (231,'30/01/2022',149,47,14784855152,NULL,9);
INSERT INTO VENDAS(ven_id,ven_data,ven_valor_final,ven_valor_icms_total,ven_cpf_comprador,ven_cnpj_comprador,funcionarios_fun_id) VALUES (232,'02/04/2021',133,57,10165623524,NULL,7);
INSERT INTO VENDAS(ven_id,ven_data,ven_valor_final,ven_valor_icms_total,ven_cpf_comprador,ven_cnpj_comprador,funcionarios_fun_id) VALUES (233,'26/09/2021',109,51,11742782132,NULL,7);
INSERT INTO VENDAS(ven_id,ven_data,ven_valor_final,ven_valor_icms_total,ven_cpf_comprador,ven_cnpj_comprador,funcionarios_fun_id) VALUES (234,'25/06/2022',146,36,17257133643,NULL,5);
INSERT INTO VENDAS(ven_id,ven_data,ven_valor_final,ven_valor_icms_total,ven_cpf_comprador,ven_cnpj_comprador,funcionarios_fun_id) VALUES (235,'02/10/2021',113,64,12185448339,NULL,2);
INSERT INTO VENDAS(ven_id,ven_data,ven_valor_final,ven_valor_icms_total,ven_cpf_comprador,ven_cnpj_comprador,funcionarios_fun_id) VALUES (236,'16/03/2022',139,61,10026811699,NULL,5);
INSERT INTO VENDAS(ven_id,ven_data,ven_valor_final,ven_valor_icms_total,ven_cpf_comprador,ven_cnpj_comprador,funcionarios_fun_id) VALUES (237,'06/02/2022',104,43,10754176777,NULL,9);
INSERT INTO VENDAS(ven_id,ven_data,ven_valor_final,ven_valor_icms_total,ven_cpf_comprador,ven_cnpj_comprador,funcionarios_fun_id) VALUES (238,'13/08/2021',122,51,10861746382,NULL,5);
INSERT INTO VENDAS(ven_id,ven_data,ven_valor_final,ven_valor_icms_total,ven_cpf_comprador,ven_cnpj_comprador,funcionarios_fun_id) VALUES (239,'30/06/2021',125,48,15441040133,NULL,8);
INSERT INTO VENDAS(ven_id,ven_data,ven_valor_final,ven_valor_icms_total,ven_cpf_comprador,ven_cnpj_comprador,funcionarios_fun_id) VALUES (240,'05/11/2021',126,59,12513420167,NULL,2);
INSERT INTO VENDAS(ven_id,ven_data,ven_valor_final,ven_valor_icms_total,ven_cpf_comprador,ven_cnpj_comprador,funcionarios_fun_id) VALUES (241,'01/11/2020',111,48,16717817073,NULL,9);
INSERT INTO VENDAS(ven_id,ven_data,ven_valor_final,ven_valor_icms_total,ven_cpf_comprador,ven_cnpj_comprador,funcionarios_fun_id) VALUES (242,'28/09/2022',106,55,17745286498,NULL,2);
INSERT INTO VENDAS(ven_id,ven_data,ven_valor_final,ven_valor_icms_total,ven_cpf_comprador,ven_cnpj_comprador,funcionarios_fun_id) VALUES (243,'05/08/2022',129,47,19094325631,NULL,5);
INSERT INTO VENDAS(ven_id,ven_data,ven_valor_final,ven_valor_icms_total,ven_cpf_comprador,ven_cnpj_comprador,funcionarios_fun_id) VALUES (244,'05/03/2022',110,47,12172560145,NULL,8);
INSERT INTO VENDAS(ven_id,ven_data,ven_valor_final,ven_valor_icms_total,ven_cpf_comprador,ven_cnpj_comprador,funcionarios_fun_id) VALUES (245,'24/10/2021',103,57,16765456051,NULL,2);
INSERT INTO VENDAS(ven_id,ven_data,ven_valor_final,ven_valor_icms_total,ven_cpf_comprador,ven_cnpj_comprador,funcionarios_fun_id) VALUES (246,'15/05/2021',140,31,18353346621,NULL,7);
INSERT INTO VENDAS(ven_id,ven_data,ven_valor_final,ven_valor_icms_total,ven_cpf_comprador,ven_cnpj_comprador,funcionarios_fun_id) VALUES (247,'31/08/2022',115,37,12734615133,NULL,9);
INSERT INTO VENDAS(ven_id,ven_data,ven_valor_final,ven_valor_icms_total,ven_cpf_comprador,ven_cnpj_comprador,funcionarios_fun_id) VALUES (248,'18/05/2022',135,58,10826411511,NULL,7);
INSERT INTO VENDAS(ven_id,ven_data,ven_valor_final,ven_valor_icms_total,ven_cpf_comprador,ven_cnpj_comprador,funcionarios_fun_id) VALUES (249,'04/11/2020',133,39,12605155354,NULL,8);
INSERT INTO VENDAS(ven_id,ven_data,ven_valor_final,ven_valor_icms_total,ven_cpf_comprador,ven_cnpj_comprador,funcionarios_fun_id) VALUES (250,'28/05/2022',126,52,12834398416,NULL,8);







