[
	{
		"lau_lvr_id": 32,
		"lau_aut_id": 10
	},
	{
		"lau_lvr_id": 125,
		"lau_aut_id": 4
	},
	{
		"lau_lvr_id": 234,
		"lau_aut_id": 13
	},
	{
		"lau_lvr_id": 79,
		"lau_aut_id": 13
	},
	{
		"lau_lvr_id": 233,
		"lau_aut_id": 8
	},
	{
		"lau_lvr_id": 249,
		"lau_aut_id": 11
	},
	{
		"lau_lvr_id": 213,
		"lau_aut_id": 5
	},
	{
		"lau_lvr_id": 16,
		"lau_aut_id": 6
	},
	{
		"lau_lvr_id": 144,
		"lau_aut_id": 14
	},
	{
		"lau_lvr_id": 102,
		"lau_aut_id": 5
	},
	{
		"lau_lvr_id": 243,
		"lau_aut_id": 3
	},
	{
		"lau_lvr_id": 219,
		"lau_aut_id": 11
	},
	{
		"lau_lvr_id": 109,
		"lau_aut_id": 13
	},
	{
		"lau_lvr_id": 55,
		"lau_aut_id": 4
	},
	{
		"lau_lvr_id": 11,
		"lau_aut_id": 1
	},
	{
		"lau_lvr_id": 76,
		"lau_aut_id": 9
	},
	{
		"lau_lvr_id": 88,
		"lau_aut_id": 14
	},
	{
		"lau_lvr_id": 240,
		"lau_aut_id": 14
	},
	{
		"lau_lvr_id": 202,
		"lau_aut_id": 3
	},
	{
		"lau_lvr_id": 225,
		"lau_aut_id": 15
	},
	{
		"lau_lvr_id": 246,
		"lau_aut_id": 2
	},
	{
		"lau_lvr_id": 12,
		"lau_aut_id": 6
	},
	{
		"lau_lvr_id": 102,
		"lau_aut_id": 6
	},
	{
		"lau_lvr_id": 123,
		"lau_aut_id": 9
	},
	{
		"lau_lvr_id": 15,
		"lau_aut_id": 1
	},
	{
		"lau_lvr_id": 164,
		"lau_aut_id": 13
	},
	{
		"lau_lvr_id": 91,
		"lau_aut_id": 10
	},
	{
		"lau_lvr_id": 22,
		"lau_aut_id": 12
	},
	{
		"lau_lvr_id": 180,
		"lau_aut_id": 14
	},
	{
		"lau_lvr_id": 190,
		"lau_aut_id": 2
	},
	{
		"lau_lvr_id": 160,
		"lau_aut_id": 2
	},
	{
		"lau_lvr_id": 46,
		"lau_aut_id": 5
	},
	{
		"lau_lvr_id": 57,
		"lau_aut_id": 8
	},
	{
		"lau_lvr_id": 37,
		"lau_aut_id": 15
	},
	{
		"lau_lvr_id": 122,
		"lau_aut_id": 6
	},
	{
		"lau_lvr_id": 152,
		"lau_aut_id": 14
	},
	{
		"lau_lvr_id": 40,
		"lau_aut_id": 14
	},
	{
		"lau_lvr_id": 205,
		"lau_aut_id": 9
	},
	{
		"lau_lvr_id": 237,
		"lau_aut_id": 13
	},
	{
		"lau_lvr_id": 201,
		"lau_aut_id": 11
	},
	{
		"lau_lvr_id": 132,
		"lau_aut_id": 12
	},
	{
		"lau_lvr_id": 2,
		"lau_aut_id": 15
	},
	{
		"lau_lvr_id": 48,
		"lau_aut_id": 15
	},
	{
		"lau_lvr_id": 94,
		"lau_aut_id": 4
	},
	{
		"lau_lvr_id": 104,
		"lau_aut_id": 4
	},
	{
		"lau_lvr_id": 92,
		"lau_aut_id": 5
	},
	{
		"lau_lvr_id": 30,
		"lau_aut_id": 14
	},
	{
		"lau_lvr_id": 162,
		"lau_aut_id": 10
	},
	{
		"lau_lvr_id": 159,
		"lau_aut_id": 13
	},
	{
		"lau_lvr_id": 172,
		"lau_aut_id": 9
	},
	{
		"lau_lvr_id": 82,
		"lau_aut_id": 13
	},
	{
		"lau_lvr_id": 112,
		"lau_aut_id": 5
	},
	{
		"lau_lvr_id": 33,
		"lau_aut_id": 14
	},
	{
		"lau_lvr_id": 83,
		"lau_aut_id": 2
	},
	{
		"lau_lvr_id": 79,
		"lau_aut_id": 4
	},
	{
		"lau_lvr_id": 131,
		"lau_aut_id": 4
	},
	{
		"lau_lvr_id": 28,
		"lau_aut_id": 12
	},
	{
		"lau_lvr_id": 9,
		"lau_aut_id": 8
	},
	{
		"lau_lvr_id": 229,
		"lau_aut_id": 11
	},
	{
		"lau_lvr_id": 200,
		"lau_aut_id": 2
	},
	{
		"lau_lvr_id": 215,
		"lau_aut_id": 11
	},
	{
		"lau_lvr_id": 168,
		"lau_aut_id": 8
	},
	{
		"lau_lvr_id": 129,
		"lau_aut_id": 4
	},
	{
		"lau_lvr_id": 124,
		"lau_aut_id": 13
	},
	{
		"lau_lvr_id": 20,
		"lau_aut_id": 1
	},
	{
		"lau_lvr_id": 4,
		"lau_aut_id": 5
	},
	{
		"lau_lvr_id": 186,
		"lau_aut_id": 8
	},
	{
		"lau_lvr_id": 222,
		"lau_aut_id": 14
	},
	{
		"lau_lvr_id": 229,
		"lau_aut_id": 14
	},
	{
		"lau_lvr_id": 105,
		"lau_aut_id": 9
	},
	{
		"lau_lvr_id": 237,
		"lau_aut_id": 8
	},
	{
		"lau_lvr_id": 183,
		"lau_aut_id": 11
	},
	{
		"lau_lvr_id": 41,
		"lau_aut_id": 3
	},
	{
		"lau_lvr_id": 57,
		"lau_aut_id": 2
	},
	{
		"lau_lvr_id": 61,
		"lau_aut_id": 13
	},
	{
		"lau_lvr_id": 110,
		"lau_aut_id": 8
	},
	{
		"lau_lvr_id": 118,
		"lau_aut_id": 9
	},
	{
		"lau_lvr_id": 120,
		"lau_aut_id": 11
	},
	{
		"lau_lvr_id": 249,
		"lau_aut_id": 2
	},
	{
		"lau_lvr_id": 126,
		"lau_aut_id": 7
	},
	{
		"lau_lvr_id": 182,
		"lau_aut_id": 7
	},
	{
		"lau_lvr_id": 247,
		"lau_aut_id": 14
	},
	{
		"lau_lvr_id": 239,
		"lau_aut_id": 7
	},
	{
		"lau_lvr_id": 143,
		"lau_aut_id": 1
	},
	{
		"lau_lvr_id": 79,
		"lau_aut_id": 10
	},
	{
		"lau_lvr_id": 80,
		"lau_aut_id": 14
	},
	{
		"lau_lvr_id": 123,
		"lau_aut_id": 7
	},
	{
		"lau_lvr_id": 218,
		"lau_aut_id": 10
	},
	{
		"lau_lvr_id": 156,
		"lau_aut_id": 2
	},
	{
		"lau_lvr_id": 99,
		"lau_aut_id": 4
	},
	{
		"lau_lvr_id": 171,
		"lau_aut_id": 14
	},
	{
		"lau_lvr_id": 27,
		"lau_aut_id": 11
	},
	{
		"lau_lvr_id": 195,
		"lau_aut_id": 6
	},
	{
		"lau_lvr_id": 57,
		"lau_aut_id": 10
	},
	{
		"lau_lvr_id": 129,
		"lau_aut_id": 3
	},
	{
		"lau_lvr_id": 75,
		"lau_aut_id": 2
	},
	{
		"lau_lvr_id": 186,
		"lau_aut_id": 10
	},
	{
		"lau_lvr_id": 211,
		"lau_aut_id": 13
	},
	{
		"lau_lvr_id": 28,
		"lau_aut_id": 1
	},
	{
		"lau_lvr_id": 65,
		"lau_aut_id": 3
	},
	{
		"lau_lvr_id": 166,
		"lau_aut_id": 12
	},
	{
		"lau_lvr_id": 187,
		"lau_aut_id": 6
	},
	{
		"lau_lvr_id": 200,
		"lau_aut_id": 10
	},
	{
		"lau_lvr_id": 225,
		"lau_aut_id": 7
	},
	{
		"lau_lvr_id": 152,
		"lau_aut_id": 2
	},
	{
		"lau_lvr_id": 229,
		"lau_aut_id": 1
	},
	{
		"lau_lvr_id": 129,
		"lau_aut_id": 15
	},
	{
		"lau_lvr_id": 29,
		"lau_aut_id": 8
	},
	{
		"lau_lvr_id": 130,
		"lau_aut_id": 14
	},
	{
		"lau_lvr_id": 161,
		"lau_aut_id": 5
	},
	{
		"lau_lvr_id": 250,
		"lau_aut_id": 2
	},
	{
		"lau_lvr_id": 150,
		"lau_aut_id": 11
	},
	{
		"lau_lvr_id": 148,
		"lau_aut_id": 2
	},
	{
		"lau_lvr_id": 235,
		"lau_aut_id": 6
	},
	{
		"lau_lvr_id": 73,
		"lau_aut_id": 4
	},
	{
		"lau_lvr_id": 59,
		"lau_aut_id": 7
	},
	{
		"lau_lvr_id": 165,
		"lau_aut_id": 11
	},
	{
		"lau_lvr_id": 194,
		"lau_aut_id": 11
	},
	{
		"lau_lvr_id": 241,
		"lau_aut_id": 8
	},
	{
		"lau_lvr_id": 59,
		"lau_aut_id": 2
	},
	{
		"lau_lvr_id": 92,
		"lau_aut_id": 2
	},
	{
		"lau_lvr_id": 240,
		"lau_aut_id": 9
	},
	{
		"lau_lvr_id": 142,
		"lau_aut_id": 10
	},
	{
		"lau_lvr_id": 229,
		"lau_aut_id": 12
	},
	{
		"lau_lvr_id": 238,
		"lau_aut_id": 14
	},
	{
		"lau_lvr_id": 190,
		"lau_aut_id": 6
	},
	{
		"lau_lvr_id": 127,
		"lau_aut_id": 8
	},
	{
		"lau_lvr_id": 74,
		"lau_aut_id": 8
	},
	{
		"lau_lvr_id": 15,
		"lau_aut_id": 9
	},
	{
		"lau_lvr_id": 140,
		"lau_aut_id": 5
	},
	{
		"lau_lvr_id": 247,
		"lau_aut_id": 8
	},
	{
		"lau_lvr_id": 190,
		"lau_aut_id": 2
	},
	{
		"lau_lvr_id": 99,
		"lau_aut_id": 9
	},
	{
		"lau_lvr_id": 57,
		"lau_aut_id": 2
	},
	{
		"lau_lvr_id": 66,
		"lau_aut_id": 4
	},
	{
		"lau_lvr_id": 152,
		"lau_aut_id": 13
	},
	{
		"lau_lvr_id": 72,
		"lau_aut_id": 7
	},
	{
		"lau_lvr_id": 215,
		"lau_aut_id": 10
	},
	{
		"lau_lvr_id": 115,
		"lau_aut_id": 5
	},
	{
		"lau_lvr_id": 235,
		"lau_aut_id": 2
	},
	{
		"lau_lvr_id": 132,
		"lau_aut_id": 3
	},
	{
		"lau_lvr_id": 22,
		"lau_aut_id": 3
	},
	{
		"lau_lvr_id": 103,
		"lau_aut_id": 8
	},
	{
		"lau_lvr_id": 226,
		"lau_aut_id": 13
	},
	{
		"lau_lvr_id": 221,
		"lau_aut_id": 2
	},
	{
		"lau_lvr_id": 89,
		"lau_aut_id": 2
	},
	{
		"lau_lvr_id": 242,
		"lau_aut_id": 1
	},
	{
		"lau_lvr_id": 46,
		"lau_aut_id": 7
	},
	{
		"lau_lvr_id": 206,
		"lau_aut_id": 14
	},
	{
		"lau_lvr_id": 49,
		"lau_aut_id": 8
	},
	{
		"lau_lvr_id": 211,
		"lau_aut_id": 12
	},
	{
		"lau_lvr_id": 216,
		"lau_aut_id": 4
	},
	{
		"lau_lvr_id": 139,
		"lau_aut_id": 15
	},
	{
		"lau_lvr_id": 175,
		"lau_aut_id": 2
	},
	{
		"lau_lvr_id": 90,
		"lau_aut_id": 5
	},
	{
		"lau_lvr_id": 26,
		"lau_aut_id": 13
	},
	{
		"lau_lvr_id": 238,
		"lau_aut_id": 11
	},
	{
		"lau_lvr_id": 148,
		"lau_aut_id": 11
	},
	{
		"lau_lvr_id": 227,
		"lau_aut_id": 9
	},
	{
		"lau_lvr_id": 81,
		"lau_aut_id": 9
	},
	{
		"lau_lvr_id": 77,
		"lau_aut_id": 8
	},
	{
		"lau_lvr_id": 189,
		"lau_aut_id": 10
	},
	{
		"lau_lvr_id": 119,
		"lau_aut_id": 7
	},
	{
		"lau_lvr_id": 60,
		"lau_aut_id": 1
	},
	{
		"lau_lvr_id": 208,
		"lau_aut_id": 8
	},
	{
		"lau_lvr_id": 241,
		"lau_aut_id": 8
	},
	{
		"lau_lvr_id": 153,
		"lau_aut_id": 3
	},
	{
		"lau_lvr_id": 1,
		"lau_aut_id": 13
	},
	{
		"lau_lvr_id": 220,
		"lau_aut_id": 5
	},
	{
		"lau_lvr_id": 76,
		"lau_aut_id": 12
	},
	{
		"lau_lvr_id": 227,
		"lau_aut_id": 13
	},
	{
		"lau_lvr_id": 138,
		"lau_aut_id": 11
	},
	{
		"lau_lvr_id": 99,
		"lau_aut_id": 9
	},
	{
		"lau_lvr_id": 52,
		"lau_aut_id": 13
	},
	{
		"lau_lvr_id": 187,
		"lau_aut_id": 5
	},
	{
		"lau_lvr_id": 40,
		"lau_aut_id": 6
	},
	{
		"lau_lvr_id": 158,
		"lau_aut_id": 13
	},
	{
		"lau_lvr_id": 76,
		"lau_aut_id": 13
	},
	{
		"lau_lvr_id": 85,
		"lau_aut_id": 8
	},
	{
		"lau_lvr_id": 150,
		"lau_aut_id": 2
	},
	{
		"lau_lvr_id": 5,
		"lau_aut_id": 12
	},
	{
		"lau_lvr_id": 38,
		"lau_aut_id": 9
	},
	{
		"lau_lvr_id": 134,
		"lau_aut_id": 10
	},
	{
		"lau_lvr_id": 140,
		"lau_aut_id": 8
	},
	{
		"lau_lvr_id": 76,
		"lau_aut_id": 14
	},
	{
		"lau_lvr_id": 235,
		"lau_aut_id": 9
	},
	{
		"lau_lvr_id": 73,
		"lau_aut_id": 10
	},
	{
		"lau_lvr_id": 96,
		"lau_aut_id": 8
	},
	{
		"lau_lvr_id": 117,
		"lau_aut_id": 2
	},
	{
		"lau_lvr_id": 113,
		"lau_aut_id": 7
	},
	{
		"lau_lvr_id": 131,
		"lau_aut_id": 15
	},
	{
		"lau_lvr_id": 5,
		"lau_aut_id": 3
	},
	{
		"lau_lvr_id": 226,
		"lau_aut_id": 5
	},
	{
		"lau_lvr_id": 17,
		"lau_aut_id": 12
	},
	{
		"lau_lvr_id": 144,
		"lau_aut_id": 5
	},
	{
		"lau_lvr_id": 197,
		"lau_aut_id": 10
	},
	{
		"lau_lvr_id": 56,
		"lau_aut_id": 11
	},
	{
		"lau_lvr_id": 201,
		"lau_aut_id": 5
	},
	{
		"lau_lvr_id": 136,
		"lau_aut_id": 2
	},
	{
		"lau_lvr_id": 10,
		"lau_aut_id": 5
	},
	{
		"lau_lvr_id": 232,
		"lau_aut_id": 14
	},
	{
		"lau_lvr_id": 132,
		"lau_aut_id": 15
	},
	{
		"lau_lvr_id": 91,
		"lau_aut_id": 3
	},
	{
		"lau_lvr_id": 11,
		"lau_aut_id": 13
	},
	{
		"lau_lvr_id": 22,
		"lau_aut_id": 7
	},
	{
		"lau_lvr_id": 123,
		"lau_aut_id": 6
	},
	{
		"lau_lvr_id": 137,
		"lau_aut_id": 3
	},
	{
		"lau_lvr_id": 86,
		"lau_aut_id": 15
	},
	{
		"lau_lvr_id": 90,
		"lau_aut_id": 9
	},
	{
		"lau_lvr_id": 124,
		"lau_aut_id": 2
	},
	{
		"lau_lvr_id": 143,
		"lau_aut_id": 4
	},
	{
		"lau_lvr_id": 22,
		"lau_aut_id": 11
	},
	{
		"lau_lvr_id": 193,
		"lau_aut_id": 11
	},
	{
		"lau_lvr_id": 77,
		"lau_aut_id": 2
	},
	{
		"lau_lvr_id": 233,
		"lau_aut_id": 3
	},
	{
		"lau_lvr_id": 209,
		"lau_aut_id": 7
	},
	{
		"lau_lvr_id": 156,
		"lau_aut_id": 6
	},
	{
		"lau_lvr_id": 159,
		"lau_aut_id": 2
	},
	{
		"lau_lvr_id": 38,
		"lau_aut_id": 1
	},
	{
		"lau_lvr_id": 201,
		"lau_aut_id": 14
	},
	{
		"lau_lvr_id": 234,
		"lau_aut_id": 5
	},
	{
		"lau_lvr_id": 185,
		"lau_aut_id": 3
	},
	{
		"lau_lvr_id": 73,
		"lau_aut_id": 14
	},
	{
		"lau_lvr_id": 216,
		"lau_aut_id": 14
	},
	{
		"lau_lvr_id": 175,
		"lau_aut_id": 7
	},
	{
		"lau_lvr_id": 241,
		"lau_aut_id": 9
	},
	{
		"lau_lvr_id": 180,
		"lau_aut_id": 3
	},
	{
		"lau_lvr_id": 177,
		"lau_aut_id": 3
	},
	{
		"lau_lvr_id": 245,
		"lau_aut_id": 9
	},
	{
		"lau_lvr_id": 52,
		"lau_aut_id": 4
	},
	{
		"lau_lvr_id": 162,
		"lau_aut_id": 5
	},
	{
		"lau_lvr_id": 79,
		"lau_aut_id": 13
	},
	{
		"lau_lvr_id": 76,
		"lau_aut_id": 6
	},
	{
		"lau_lvr_id": 66,
		"lau_aut_id": 3
	},
	{
		"lau_lvr_id": 8,
		"lau_aut_id": 7
	},
	{
		"lau_lvr_id": 34,
		"lau_aut_id": 13
	},
	{
		"lau_lvr_id": 95,
		"lau_aut_id": 11
	},
	{
		"lau_lvr_id": 179,
		"lau_aut_id": 2
	},
	{
		"lau_lvr_id": 48,
		"lau_aut_id": 5
	},
	{
		"lau_lvr_id": 13,
		"lau_aut_id": 3
	},
	{
		"lau_lvr_id": 249,
		"lau_aut_id": 6
	},
	{
		"lau_lvr_id": 215,
		"lau_aut_id": 13
	},
	{
		"lau_lvr_id": 52,
		"lau_aut_id": 4
	},
	{
		"lau_lvr_id": 23,
		"lau_aut_id": 1
	},
	{
		"lau_lvr_id": 52,
		"lau_aut_id": 14
	},
	{
		"lau_lvr_id": 149,
		"lau_aut_id": 8
	},
	{
		"lau_lvr_id": 102,
		"lau_aut_id": 13
	},
	{
		"lau_lvr_id": 45,
		"lau_aut_id": 8
	},
	{
		"lau_lvr_id": 99,
		"lau_aut_id": 5
	},
	{
		"lau_lvr_id": 119,
		"lau_aut_id": 14
	}
]