[
	{
		"lvc_lvr_id": 203,
		"lvc_cat_id": 6
	},
	{
		"lvc_lvr_id": 48,
		"lvc_cat_id": 6
	},
	{
		"lvc_lvr_id": 185,
		"lvc_cat_id": 2
	},
	{
		"lvc_lvr_id": 95,
		"lvc_cat_id": 8
	},
	{
		"lvc_lvr_id": 108,
		"lvc_cat_id": 6
	},
	{
		"lvc_lvr_id": 234,
		"lvc_cat_id": 6
	},
	{
		"lvc_lvr_id": 147,
		"lvc_cat_id": 1
	},
	{
		"lvc_lvr_id": 193,
		"lvc_cat_id": 5
	},
	{
		"lvc_lvr_id": 7,
		"lvc_cat_id": 3
	},
	{
		"lvc_lvr_id": 1,
		"lvc_cat_id": 2
	},
	{
		"lvc_lvr_id": 16,
		"lvc_cat_id": 5
	},
	{
		"lvc_lvr_id": 190,
		"lvc_cat_id": 3
	},
	{
		"lvc_lvr_id": 13,
		"lvc_cat_id": 5
	},
	{
		"lvc_lvr_id": 72,
		"lvc_cat_id": 2
	},
	{
		"lvc_lvr_id": 87,
		"lvc_cat_id": 4
	},
	{
		"lvc_lvr_id": 137,
		"lvc_cat_id": 1
	},
	{
		"lvc_lvr_id": 243,
		"lvc_cat_id": 6
	},
	{
		"lvc_lvr_id": 166,
		"lvc_cat_id": 5
	},
	{
		"lvc_lvr_id": 173,
		"lvc_cat_id": 5
	},
	{
		"lvc_lvr_id": 169,
		"lvc_cat_id": 1
	},
	{
		"lvc_lvr_id": 181,
		"lvc_cat_id": 1
	},
	{
		"lvc_lvr_id": 6,
		"lvc_cat_id": 4
	},
	{
		"lvc_lvr_id": 119,
		"lvc_cat_id": 7
	},
	{
		"lvc_lvr_id": 203,
		"lvc_cat_id": 5
	},
	{
		"lvc_lvr_id": 16,
		"lvc_cat_id": 4
	},
	{
		"lvc_lvr_id": 65,
		"lvc_cat_id": 5
	},
	{
		"lvc_lvr_id": 212,
		"lvc_cat_id": 6
	},
	{
		"lvc_lvr_id": 76,
		"lvc_cat_id": 2
	},
	{
		"lvc_lvr_id": 13,
		"lvc_cat_id": 4
	},
	{
		"lvc_lvr_id": 88,
		"lvc_cat_id": 6
	},
	{
		"lvc_lvr_id": 74,
		"lvc_cat_id": 3
	},
	{
		"lvc_lvr_id": 146,
		"lvc_cat_id": 6
	},
	{
		"lvc_lvr_id": 213,
		"lvc_cat_id": 4
	},
	{
		"lvc_lvr_id": 129,
		"lvc_cat_id": 5
	},
	{
		"lvc_lvr_id": 20,
		"lvc_cat_id": 8
	},
	{
		"lvc_lvr_id": 146,
		"lvc_cat_id": 7
	},
	{
		"lvc_lvr_id": 69,
		"lvc_cat_id": 7
	},
	{
		"lvc_lvr_id": 203,
		"lvc_cat_id": 7
	},
	{
		"lvc_lvr_id": 143,
		"lvc_cat_id": 6
	},
	{
		"lvc_lvr_id": 108,
		"lvc_cat_id": 6
	},
	{
		"lvc_lvr_id": 95,
		"lvc_cat_id": 6
	},
	{
		"lvc_lvr_id": 97,
		"lvc_cat_id": 2
	},
	{
		"lvc_lvr_id": 192,
		"lvc_cat_id": 6
	},
	{
		"lvc_lvr_id": 165,
		"lvc_cat_id": 5
	},
	{
		"lvc_lvr_id": 207,
		"lvc_cat_id": 1
	},
	{
		"lvc_lvr_id": 83,
		"lvc_cat_id": 6
	},
	{
		"lvc_lvr_id": 232,
		"lvc_cat_id": 7
	},
	{
		"lvc_lvr_id": 195,
		"lvc_cat_id": 5
	},
	{
		"lvc_lvr_id": 132,
		"lvc_cat_id": 6
	},
	{
		"lvc_lvr_id": 211,
		"lvc_cat_id": 3
	},
	{
		"lvc_lvr_id": 243,
		"lvc_cat_id": 7
	},
	{
		"lvc_lvr_id": 35,
		"lvc_cat_id": 8
	},
	{
		"lvc_lvr_id": 122,
		"lvc_cat_id": 6
	},
	{
		"lvc_lvr_id": 231,
		"lvc_cat_id": 5
	},
	{
		"lvc_lvr_id": 30,
		"lvc_cat_id": 2
	},
	{
		"lvc_lvr_id": 164,
		"lvc_cat_id": 2
	},
	{
		"lvc_lvr_id": 47,
		"lvc_cat_id": 8
	},
	{
		"lvc_lvr_id": 131,
		"lvc_cat_id": 5
	},
	{
		"lvc_lvr_id": 19,
		"lvc_cat_id": 4
	},
	{
		"lvc_lvr_id": 93,
		"lvc_cat_id": 4
	},
	{
		"lvc_lvr_id": 117,
		"lvc_cat_id": 4
	},
	{
		"lvc_lvr_id": 136,
		"lvc_cat_id": 4
	},
	{
		"lvc_lvr_id": 132,
		"lvc_cat_id": 5
	},
	{
		"lvc_lvr_id": 3,
		"lvc_cat_id": 2
	},
	{
		"lvc_lvr_id": 154,
		"lvc_cat_id": 2
	},
	{
		"lvc_lvr_id": 68,
		"lvc_cat_id": 6
	},
	{
		"lvc_lvr_id": 226,
		"lvc_cat_id": 7
	},
	{
		"lvc_lvr_id": 122,
		"lvc_cat_id": 6
	},
	{
		"lvc_lvr_id": 71,
		"lvc_cat_id": 1
	},
	{
		"lvc_lvr_id": 52,
		"lvc_cat_id": 1
	},
	{
		"lvc_lvr_id": 22,
		"lvc_cat_id": 3
	},
	{
		"lvc_lvr_id": 99,
		"lvc_cat_id": 3
	},
	{
		"lvc_lvr_id": 59,
		"lvc_cat_id": 1
	},
	{
		"lvc_lvr_id": 31,
		"lvc_cat_id": 2
	},
	{
		"lvc_lvr_id": 111,
		"lvc_cat_id": 5
	},
	{
		"lvc_lvr_id": 134,
		"lvc_cat_id": 7
	},
	{
		"lvc_lvr_id": 201,
		"lvc_cat_id": 1
	},
	{
		"lvc_lvr_id": 57,
		"lvc_cat_id": 3
	},
	{
		"lvc_lvr_id": 140,
		"lvc_cat_id": 8
	},
	{
		"lvc_lvr_id": 204,
		"lvc_cat_id": 5
	},
	{
		"lvc_lvr_id": 220,
		"lvc_cat_id": 5
	},
	{
		"lvc_lvr_id": 203,
		"lvc_cat_id": 1
	},
	{
		"lvc_lvr_id": 15,
		"lvc_cat_id": 6
	},
	{
		"lvc_lvr_id": 78,
		"lvc_cat_id": 4
	},
	{
		"lvc_lvr_id": 154,
		"lvc_cat_id": 1
	},
	{
		"lvc_lvr_id": 81,
		"lvc_cat_id": 5
	},
	{
		"lvc_lvr_id": 76,
		"lvc_cat_id": 2
	},
	{
		"lvc_lvr_id": 132,
		"lvc_cat_id": 1
	},
	{
		"lvc_lvr_id": 222,
		"lvc_cat_id": 5
	},
	{
		"lvc_lvr_id": 29,
		"lvc_cat_id": 4
	},
	{
		"lvc_lvr_id": 201,
		"lvc_cat_id": 6
	},
	{
		"lvc_lvr_id": 38,
		"lvc_cat_id": 2
	},
	{
		"lvc_lvr_id": 114,
		"lvc_cat_id": 6
	},
	{
		"lvc_lvr_id": 36,
		"lvc_cat_id": 2
	},
	{
		"lvc_lvr_id": 120,
		"lvc_cat_id": 5
	},
	{
		"lvc_lvr_id": 12,
		"lvc_cat_id": 7
	},
	{
		"lvc_lvr_id": 245,
		"lvc_cat_id": 8
	},
	{
		"lvc_lvr_id": 21,
		"lvc_cat_id": 6
	},
	{
		"lvc_lvr_id": 129,
		"lvc_cat_id": 6
	},
	{
		"lvc_lvr_id": 147,
		"lvc_cat_id": 2
	},
	{
		"lvc_lvr_id": 189,
		"lvc_cat_id": 6
	},
	{
		"lvc_lvr_id": 155,
		"lvc_cat_id": 5
	},
	{
		"lvc_lvr_id": 67,
		"lvc_cat_id": 5
	},
	{
		"lvc_lvr_id": 249,
		"lvc_cat_id": 6
	},
	{
		"lvc_lvr_id": 164,
		"lvc_cat_id": 3
	},
	{
		"lvc_lvr_id": 147,
		"lvc_cat_id": 3
	},
	{
		"lvc_lvr_id": 91,
		"lvc_cat_id": 6
	},
	{
		"lvc_lvr_id": 140,
		"lvc_cat_id": 7
	},
	{
		"lvc_lvr_id": 64,
		"lvc_cat_id": 6
	},
	{
		"lvc_lvr_id": 142,
		"lvc_cat_id": 5
	},
	{
		"lvc_lvr_id": 224,
		"lvc_cat_id": 6
	},
	{
		"lvc_lvr_id": 227,
		"lvc_cat_id": 4
	},
	{
		"lvc_lvr_id": 130,
		"lvc_cat_id": 6
	},
	{
		"lvc_lvr_id": 25,
		"lvc_cat_id": 4
	},
	{
		"lvc_lvr_id": 94,
		"lvc_cat_id": 4
	},
	{
		"lvc_lvr_id": 142,
		"lvc_cat_id": 1
	},
	{
		"lvc_lvr_id": 20,
		"lvc_cat_id": 1
	},
	{
		"lvc_lvr_id": 103,
		"lvc_cat_id": 5
	},
	{
		"lvc_lvr_id": 185,
		"lvc_cat_id": 3
	},
	{
		"lvc_lvr_id": 209,
		"lvc_cat_id": 2
	},
	{
		"lvc_lvr_id": 146,
		"lvc_cat_id": 4
	},
	{
		"lvc_lvr_id": 72,
		"lvc_cat_id": 8
	},
	{
		"lvc_lvr_id": 67,
		"lvc_cat_id": 2
	},
	{
		"lvc_lvr_id": 198,
		"lvc_cat_id": 5
	},
	{
		"lvc_lvr_id": 182,
		"lvc_cat_id": 3
	},
	{
		"lvc_lvr_id": 25,
		"lvc_cat_id": 6
	},
	{
		"lvc_lvr_id": 83,
		"lvc_cat_id": 4
	},
	{
		"lvc_lvr_id": 168,
		"lvc_cat_id": 2
	},
	{
		"lvc_lvr_id": 244,
		"lvc_cat_id": 8
	},
	{
		"lvc_lvr_id": 156,
		"lvc_cat_id": 2
	},
	{
		"lvc_lvr_id": 208,
		"lvc_cat_id": 4
	},
	{
		"lvc_lvr_id": 180,
		"lvc_cat_id": 5
	},
	{
		"lvc_lvr_id": 84,
		"lvc_cat_id": 2
	},
	{
		"lvc_lvr_id": 24,
		"lvc_cat_id": 3
	},
	{
		"lvc_lvr_id": 155,
		"lvc_cat_id": 8
	},
	{
		"lvc_lvr_id": 150,
		"lvc_cat_id": 3
	},
	{
		"lvc_lvr_id": 204,
		"lvc_cat_id": 1
	},
	{
		"lvc_lvr_id": 163,
		"lvc_cat_id": 4
	},
	{
		"lvc_lvr_id": 209,
		"lvc_cat_id": 7
	},
	{
		"lvc_lvr_id": 123,
		"lvc_cat_id": 3
	},
	{
		"lvc_lvr_id": 14,
		"lvc_cat_id": 6
	},
	{
		"lvc_lvr_id": 186,
		"lvc_cat_id": 6
	},
	{
		"lvc_lvr_id": 203,
		"lvc_cat_id": 3
	},
	{
		"lvc_lvr_id": 237,
		"lvc_cat_id": 7
	},
	{
		"lvc_lvr_id": 174,
		"lvc_cat_id": 6
	},
	{
		"lvc_lvr_id": 129,
		"lvc_cat_id": 7
	},
	{
		"lvc_lvr_id": 94,
		"lvc_cat_id": 5
	},
	{
		"lvc_lvr_id": 133,
		"lvc_cat_id": 5
	},
	{
		"lvc_lvr_id": 133,
		"lvc_cat_id": 7
	},
	{
		"lvc_lvr_id": 59,
		"lvc_cat_id": 1
	},
	{
		"lvc_lvr_id": 130,
		"lvc_cat_id": 7
	},
	{
		"lvc_lvr_id": 183,
		"lvc_cat_id": 8
	},
	{
		"lvc_lvr_id": 11,
		"lvc_cat_id": 5
	},
	{
		"lvc_lvr_id": 70,
		"lvc_cat_id": 4
	},
	{
		"lvc_lvr_id": 230,
		"lvc_cat_id": 1
	},
	{
		"lvc_lvr_id": 234,
		"lvc_cat_id": 8
	},
	{
		"lvc_lvr_id": 27,
		"lvc_cat_id": 6
	},
	{
		"lvc_lvr_id": 18,
		"lvc_cat_id": 6
	},
	{
		"lvc_lvr_id": 85,
		"lvc_cat_id": 5
	},
	{
		"lvc_lvr_id": 24,
		"lvc_cat_id": 2
	},
	{
		"lvc_lvr_id": 82,
		"lvc_cat_id": 6
	},
	{
		"lvc_lvr_id": 109,
		"lvc_cat_id": 4
	},
	{
		"lvc_lvr_id": 245,
		"lvc_cat_id": 4
	},
	{
		"lvc_lvr_id": 29,
		"lvc_cat_id": 6
	},
	{
		"lvc_lvr_id": 198,
		"lvc_cat_id": 4
	},
	{
		"lvc_lvr_id": 49,
		"lvc_cat_id": 6
	},
	{
		"lvc_lvr_id": 48,
		"lvc_cat_id": 7
	},
	{
		"lvc_lvr_id": 9,
		"lvc_cat_id": 4
	},
	{
		"lvc_lvr_id": 32,
		"lvc_cat_id": 3
	},
	{
		"lvc_lvr_id": 190,
		"lvc_cat_id": 7
	},
	{
		"lvc_lvr_id": 211,
		"lvc_cat_id": 2
	},
	{
		"lvc_lvr_id": 41,
		"lvc_cat_id": 6
	},
	{
		"lvc_lvr_id": 203,
		"lvc_cat_id": 2
	},
	{
		"lvc_lvr_id": 187,
		"lvc_cat_id": 2
	},
	{
		"lvc_lvr_id": 235,
		"lvc_cat_id": 6
	},
	{
		"lvc_lvr_id": 91,
		"lvc_cat_id": 7
	},
	{
		"lvc_lvr_id": 135,
		"lvc_cat_id": 3
	},
	{
		"lvc_lvr_id": 172,
		"lvc_cat_id": 4
	},
	{
		"lvc_lvr_id": 189,
		"lvc_cat_id": 4
	},
	{
		"lvc_lvr_id": 162,
		"lvc_cat_id": 4
	},
	{
		"lvc_lvr_id": 109,
		"lvc_cat_id": 1
	},
	{
		"lvc_lvr_id": 115,
		"lvc_cat_id": 8
	},
	{
		"lvc_lvr_id": 37,
		"lvc_cat_id": 5
	},
	{
		"lvc_lvr_id": 101,
		"lvc_cat_id": 6
	},
	{
		"lvc_lvr_id": 184,
		"lvc_cat_id": 6
	},
	{
		"lvc_lvr_id": 27,
		"lvc_cat_id": 5
	},
	{
		"lvc_lvr_id": 32,
		"lvc_cat_id": 7
	},
	{
		"lvc_lvr_id": 32,
		"lvc_cat_id": 4
	},
	{
		"lvc_lvr_id": 53,
		"lvc_cat_id": 4
	},
	{
		"lvc_lvr_id": 221,
		"lvc_cat_id": 8
	},
	{
		"lvc_lvr_id": 114,
		"lvc_cat_id": 5
	},
	{
		"lvc_lvr_id": 155,
		"lvc_cat_id": 3
	},
	{
		"lvc_lvr_id": 183,
		"lvc_cat_id": 5
	},
	{
		"lvc_lvr_id": 128,
		"lvc_cat_id": 5
	},
	{
		"lvc_lvr_id": 144,
		"lvc_cat_id": 4
	},
	{
		"lvc_lvr_id": 6,
		"lvc_cat_id": 6
	},
	{
		"lvc_lvr_id": 119,
		"lvc_cat_id": 2
	},
	{
		"lvc_lvr_id": 194,
		"lvc_cat_id": 2
	},
	{
		"lvc_lvr_id": 137,
		"lvc_cat_id": 7
	},
	{
		"lvc_lvr_id": 202,
		"lvc_cat_id": 4
	},
	{
		"lvc_lvr_id": 129,
		"lvc_cat_id": 4
	},
	{
		"lvc_lvr_id": 217,
		"lvc_cat_id": 4
	},
	{
		"lvc_lvr_id": 196,
		"lvc_cat_id": 5
	},
	{
		"lvc_lvr_id": 68,
		"lvc_cat_id": 7
	},
	{
		"lvc_lvr_id": 166,
		"lvc_cat_id": 3
	},
	{
		"lvc_lvr_id": 120,
		"lvc_cat_id": 6
	},
	{
		"lvc_lvr_id": 98,
		"lvc_cat_id": 5
	},
	{
		"lvc_lvr_id": 129,
		"lvc_cat_id": 4
	},
	{
		"lvc_lvr_id": 35,
		"lvc_cat_id": 3
	},
	{
		"lvc_lvr_id": 134,
		"lvc_cat_id": 6
	},
	{
		"lvc_lvr_id": 130,
		"lvc_cat_id": 5
	},
	{
		"lvc_lvr_id": 77,
		"lvc_cat_id": 6
	},
	{
		"lvc_lvr_id": 77,
		"lvc_cat_id": 2
	},
	{
		"lvc_lvr_id": 1,
		"lvc_cat_id": 2
	},
	{
		"lvc_lvr_id": 211,
		"lvc_cat_id": 7
	},
	{
		"lvc_lvr_id": 17,
		"lvc_cat_id": 8
	},
	{
		"lvc_lvr_id": 164,
		"lvc_cat_id": 2
	},
	{
		"lvc_lvr_id": 66,
		"lvc_cat_id": 6
	},
	{
		"lvc_lvr_id": 237,
		"lvc_cat_id": 2
	},
	{
		"lvc_lvr_id": 68,
		"lvc_cat_id": 1
	},
	{
		"lvc_lvr_id": 5,
		"lvc_cat_id": 7
	},
	{
		"lvc_lvr_id": 26,
		"lvc_cat_id": 7
	},
	{
		"lvc_lvr_id": 235,
		"lvc_cat_id": 6
	},
	{
		"lvc_lvr_id": 161,
		"lvc_cat_id": 4
	},
	{
		"lvc_lvr_id": 88,
		"lvc_cat_id": 2
	},
	{
		"lvc_lvr_id": 221,
		"lvc_cat_id": 6
	},
	{
		"lvc_lvr_id": 91,
		"lvc_cat_id": 5
	},
	{
		"lvc_lvr_id": 179,
		"lvc_cat_id": 3
	},
	{
		"lvc_lvr_id": 51,
		"lvc_cat_id": 4
	},
	{
		"lvc_lvr_id": 48,
		"lvc_cat_id": 4
	},
	{
		"lvc_lvr_id": 61,
		"lvc_cat_id": 2
	},
	{
		"lvc_lvr_id": 185,
		"lvc_cat_id": 4
	},
	{
		"lvc_lvr_id": 154,
		"lvc_cat_id": 6
	},
	{
		"lvc_lvr_id": 237,
		"lvc_cat_id": 8
	},
	{
		"lvc_lvr_id": 249,
		"lvc_cat_id": 1
	},
	{
		"lvc_lvr_id": 89,
		"lvc_cat_id": 4
	},
	{
		"lvc_lvr_id": 163,
		"lvc_cat_id": 6
	},
	{
		"lvc_lvr_id": 224,
		"lvc_cat_id": 2
	},
	{
		"lvc_lvr_id": 85,
		"lvc_cat_id": 7
	},
	{
		"lvc_lvr_id": 155,
		"lvc_cat_id": 7
	},
	{
		"lvc_lvr_id": 8,
		"lvc_cat_id": 6
	},
	{
		"lvc_lvr_id": 73,
		"lvc_cat_id": 7
	},
	{
		"lvc_lvr_id": 18,
		"lvc_cat_id": 2
	},
	{
		"lvc_lvr_id": 223,
		"lvc_cat_id": 3
	},
	{
		"lvc_lvr_id": 207,
		"lvc_cat_id": 6
	},
	{
		"lvc_lvr_id": 25,
		"lvc_cat_id": 3
	},
	{
		"lvc_lvr_id": 16,
		"lvc_cat_id": 7
	},
	{
		"lvc_lvr_id": 128,
		"lvc_cat_id": 2
	},
	{
		"lvc_lvr_id": 103,
		"lvc_cat_id": 5
	},
	{
		"lvc_lvr_id": 223,
		"lvc_cat_id": 2
	}
]