<?xml version = '1.0' encoding = 'UTF-8'?>
<relationalModel class="oracle.dbtools.crest.model.design.relational.RelationalDesign" name="Relational_1" id="27A95C9D-5A66-4294-11A2-5FB4B3BFCD6D" mainViewID="B070E130-4C6A-E4AB-39A5-49BEA1CB9D7D">
<createdBy>root</createdBy>
<createdTime>2021-08-11 19:11:37 UTC</createdTime>
<ownerDesignName>atividade_lab_banco</ownerDesignName>
<shouldBeOpen>false</shouldBeOpen>
<selectedRDBMSSite>32076570-2523-435C-2E92-BF29817DFF70</selectedRDBMSSite>
</relationalModel>