<?xml version = '1.0' encoding = 'UTF-8'?>
<Entity class="oracle.dbtools.crest.model.design.logical.Entity" directorySegmentName="seg_0" id="66BD328D-CF31-3404-84A7-C81CEC4D91F9" name="Autores">
<createdBy>root</createdBy>
<createdTime>2021-08-11 19:14:44 UTC</createdTime>
<ownerDesignName>atividade_lab_banco</ownerDesignName>
<engineerTo>
<item key="27A95C9D-5A66-4294-11A2-5FB4B3BFCD6D" value="true"/>
</engineerTo>
<adequatelyNormalized>NO</adequatelyNormalized>
<expectedVolumes>0</expectedVolumes>
<fwdEngineeringStrategyName>Single Table</fwdEngineeringStrategyName>
<growthPercent>0</growthPercent>
<growthType>Year</growthType>
<maxVolumes>9999999</maxVolumes>
<minVolumes>0</minVolumes>
<normalForm>Third</normalForm>
<attributes itemClass="oracle.dbtools.crest.model.design.logical.Attribute">
<Attribute name="aut_id" id="73CF096E-A3E8-FA81-E5B9-682DFB91483A">
<createdBy>root</createdBy>
<createdTime>2021-08-11 19:14:50 UTC</createdTime>
<ownerDesignName>atividade_lab_banco</ownerDesignName>
<engineerTo>
<item key="27A95C9D-5A66-4294-11A2-5FB4B3BFCD6D" value="true"/>
</engineerTo>
<useDomainConstraints>false</useDomainConstraints>
<use>1</use>
<logicalDatatype>LOGDT019</logicalDatatype>
<dataTypePrecision>6</dataTypePrecision>
<ownDataTypeParameters>,6,</ownDataTypeParameters>
</Attribute>
<Attribute name="aut_nome" id="EAE39715-5755-2BE8-AA98-005B8255A500">
<createdBy>root</createdBy>
<createdTime>2021-08-11 19:14:54 UTC</createdTime>
<ownerDesignName>atividade_lab_banco</ownerDesignName>
<engineerTo>
<item key="27A95C9D-5A66-4294-11A2-5FB4B3BFCD6D" value="true"/>
</engineerTo>
<useDomainConstraints>false</useDomainConstraints>
<use>1</use>
<logicalDatatype>LOGDT024</logicalDatatype>
<dataTypeSize>100 CHAR</dataTypeSize>
<ownDataTypeParameters>100 CHAR,,</ownDataTypeParameters>
</Attribute>
</attributes>
<identifiers itemClass="oracle.dbtools.crest.model.design.logical.CandidateKey">
<identifier id="632C0AA7-3457-CA6B-A585-94CC9B7E66B9" name="Autores PK">
<createdBy>root</createdBy>
<createdTime>2021-08-11 19:15:04 UTC</createdTime>
<ownerDesignName>atividade_lab_banco</ownerDesignName>
<shouldEngineer>false</shouldEngineer>
<engineerTo>
<item key="27A95C9D-5A66-4294-11A2-5FB4B3BFCD6D" value="false"/>
</engineerTo>
<pk>true</pk>
<usedAttributes>
<attributeRef>73CF096E-A3E8-FA81-E5B9-682DFB91483A</attributeRef>
</usedAttributes>
</identifier>
</identifiers>
</Entity>