<?xml version = '1.0' encoding = 'UTF-8'?>
<Entity class="oracle.dbtools.crest.model.design.logical.Entity" directorySegmentName="seg_0" id="7BBF5C40-FAF4-DB04-C5BC-A13D8030643D" name="Livros">
<createdBy>root</createdBy>
<createdTime>2021-08-11 19:14:02 UTC</createdTime>
<ownerDesignName>atividade_lab_banco</ownerDesignName>
<engineerTo>
<item key="27A95C9D-5A66-4294-11A2-5FB4B3BFCD6D" value="true"/>
</engineerTo>
<adequatelyNormalized>NO</adequatelyNormalized>
<expectedVolumes>0</expectedVolumes>
<fwdEngineeringStrategyName>Single Table</fwdEngineeringStrategyName>
<growthPercent>0</growthPercent>
<growthType>Year</growthType>
<maxVolumes>9999999</maxVolumes>
<minVolumes>0</minVolumes>
<normalForm>Third</normalForm>
<attributes itemClass="oracle.dbtools.crest.model.design.logical.Attribute">
<Attribute name="lvr_id" id="43C456C1-E94D-001E-A957-047B3252AE56">
<createdBy>root</createdBy>
<createdTime>2021-08-11 19:14:12 UTC</createdTime>
<ownerDesignName>atividade_lab_banco</ownerDesignName>
<engineerTo>
<item key="27A95C9D-5A66-4294-11A2-5FB4B3BFCD6D" value="true"/>
</engineerTo>
<useDomainConstraints>false</useDomainConstraints>
<use>1</use>
<logicalDatatype>LOGDT019</logicalDatatype>
<dataTypePrecision>6</dataTypePrecision>
<ownDataTypeParameters>,6,</ownDataTypeParameters>
</Attribute>
<Attribute name="lvr_preco_capa" id="CA9AC2FF-D526-2D6E-6617-6AAC2EC431DB">
<createdBy>root</createdBy>
<createdTime>2021-08-11 19:14:16 UTC</createdTime>
<ownerDesignName>atividade_lab_banco</ownerDesignName>
<engineerTo>
<item key="27A95C9D-5A66-4294-11A2-5FB4B3BFCD6D" value="true"/>
</engineerTo>
<useDomainConstraints>false</useDomainConstraints>
<use>1</use>
<logicalDatatype>LOGDT043</logicalDatatype>
<dataTypePrecision>8</dataTypePrecision>
<dataTypeScale>2</dataTypeScale>
<ownDataTypeParameters>,8,2</ownDataTypeParameters>
</Attribute>
<Attribute name="lvr_preco_venda" id="E79C92F2-EC4A-0150-74CD-56A011DCB105">
<createdBy>root</createdBy>
<createdTime>2021-08-11 19:14:28 UTC</createdTime>
<ownerDesignName>atividade_lab_banco</ownerDesignName>
<engineerTo>
<item key="27A95C9D-5A66-4294-11A2-5FB4B3BFCD6D" value="true"/>
</engineerTo>
<useDomainConstraints>false</useDomainConstraints>
<use>1</use>
<logicalDatatype>LOGDT043</logicalDatatype>
<dataTypePrecision>8</dataTypePrecision>
<dataTypeScale>2</dataTypeScale>
<ownDataTypeParameters>,8,2</ownDataTypeParameters>
</Attribute>
<Attribute name="lvr_nome" id="C45D7910-88EB-7D82-EC25-7180F8704D5C">
<createdBy>root</createdBy>
<createdTime>2021-08-12 00:27:19 UTC</createdTime>
<ownerDesignName>atividade_lab_banco</ownerDesignName>
<engineerTo>
<item key="27A95C9D-5A66-4294-11A2-5FB4B3BFCD6D" value="true"/>
</engineerTo>
<useDomainConstraints>false</useDomainConstraints>
<use>1</use>
<logicalDatatype>LOGDT024</logicalDatatype>
<dataTypeSize>50 CHAR</dataTypeSize>
<ownDataTypeParameters>50 CHAR,,</ownDataTypeParameters>
</Attribute>
</attributes>
<identifiers itemClass="oracle.dbtools.crest.model.design.logical.CandidateKey">
<identifier id="747C6088-5BFE-B786-F650-79BE84DFAA86" name="Livros PK">
<createdBy>root</createdBy>
<createdTime>2021-08-11 19:14:38 UTC</createdTime>
<ownerDesignName>atividade_lab_banco</ownerDesignName>
<shouldEngineer>false</shouldEngineer>
<engineerTo>
<item key="27A95C9D-5A66-4294-11A2-5FB4B3BFCD6D" value="false"/>
</engineerTo>
<pk>true</pk>
<usedAttributes>
<attributeRef>43C456C1-E94D-001E-A957-047B3252AE56</attributeRef>
</usedAttributes>
</identifier>
</identifiers>
</Entity>