<?xml version = '1.0' encoding = 'UTF-8'?>
<Relation class="oracle.dbtools.crest.model.design.logical.Relation" name="Relation_2" directorySegmentName="seg_0" id="39EDE621-0D92-F4A4-CDF3-E222F38B1282">
<createdBy>root</createdBy>
<createdTime>2021-08-11 19:25:51 UTC</createdTime>
<ownerDesignName>atividade_lab_banco</ownerDesignName>
<engineerTo>
<item key="27A95C9D-5A66-4294-11A2-5FB4B3BFCD6D" value="true"/>
</engineerTo>
<sourcePk>747C6088-5BFE-B786-F650-79BE84DFAA86</sourcePk>
<identifying>false</identifying>
<optionalSource>true</optionalSource>
<optionalTarget>false</optionalTarget>
<sourceCardinality>*</sourceCardinality>
<sourceEntity>7BBF5C40-FAF4-DB04-C5BC-A13D8030643D</sourceEntity>
<targetCardinalityString>*</targetCardinalityString>
<targetEntity>66BD328D-CF31-3404-84A7-C81CEC4D91F9</targetEntity>
<transferable>true</transferable>
<deleteRule>NO ACTION</deleteRule>
</Relation>