<?xml version = '1.0' encoding = 'UTF-8'?>
<Relation class="oracle.dbtools.crest.model.design.logical.Relation" name="Relation_6" directorySegmentName="seg_0" id="CF624CA6-0A4C-8E4D-8740-CCB86C368E31">
<createdBy>root</createdBy>
<createdTime>2021-08-11 19:28:59 UTC</createdTime>
<ownerDesignName>atividade_lab_banco</ownerDesignName>
<engineerTo>
<item key="27A95C9D-5A66-4294-11A2-5FB4B3BFCD6D" value="true"/>
</engineerTo>
<sourcePk>747C6088-5BFE-B786-F650-79BE84DFAA86</sourcePk>
<identifying>false</identifying>
<optionalSource>true</optionalSource>
<optionalTarget>false</optionalTarget>
<sourceCardinality>*</sourceCardinality>
<sourceEntity>7BBF5C40-FAF4-DB04-C5BC-A13D8030643D</sourceEntity>
<targetCardinalityString>*</targetCardinalityString>
<targetEntity>99A9063F-7889-4D1D-8C78-88E92D6893CD</targetEntity>
<transferable>true</transferable>
<deleteRule>NO ACTION</deleteRule>
<attributes itemClass="oracle.dbtools.crest.model.design.logical.Attribute">
<attribute name="ven_valor_icms_unitario" id="D3A9C2B6-73CD-8BC8-5AFB-5DE54679F13E">
<createdBy>root</createdBy>
<createdTime>2021-08-13 18:53:54 UTC</createdTime>
<ownerDesignName>atividade_lab_banco</ownerDesignName>
<engineerTo>
<item key="27A95C9D-5A66-4294-11A2-5FB4B3BFCD6D" value="true"/>
</engineerTo>
<nullsAllowed>true</nullsAllowed>
<useDomainConstraints>false</useDomainConstraints>
<use>1</use>
<logicalDatatype>LOGDT043</logicalDatatype>
<dataTypePrecision>8</dataTypePrecision>
<dataTypeScale>2</dataTypeScale>
<ownDataTypeParameters>,8,2</ownDataTypeParameters>
</attribute>
</attributes>
</Relation>