[
	{
		"ven_id": 1,
		"ven_data": "10/01/22",
		"ven_valor_final": 114,
		"ven_valor_icms_total": 93,
		"ven_cpf_comprador": 11332223154,
		"ven_cnpj_comprador": "Remover",
		"funcionarios_fun_id": 6
	},
	{
		"ven_id": 2,
		"ven_data": "09/27/22",
		"ven_valor_final": 140,
		"ven_valor_icms_total": 61,
		"ven_cpf_comprador": 11252233439,
		"ven_cnpj_comprador": "",
		"funcionarios_fun_id": 5
	},
	{
		"ven_id": 3,
		"ven_data": "09/27/22",
		"ven_valor_final": 136,
		"ven_valor_icms_total": 85,
		"ven_cpf_comprador": 18719885637,
		"ven_cnpj_comprador": "Remover",
		"funcionarios_fun_id": 6
	},
	{
		"ven_id": 4,
		"ven_data": "10/07/22",
		"ven_valor_final": 139,
		"ven_valor_icms_total": 63,
		"ven_cpf_comprador": 14721668587,
		"ven_cnpj_comprador": "Remover",
		"funcionarios_fun_id": 4
	},
	{
		"ven_id": 5,
		"ven_data": "10/21/22",
		"ven_valor_final": 138,
		"ven_valor_icms_total": 87,
		"ven_cpf_comprador": 18431743181,
		"ven_cnpj_comprador": "Remover",
		"funcionarios_fun_id": 4
	},
	{
		"ven_id": 6,
		"ven_data": "10/05/22",
		"ven_valor_final": 130,
		"ven_valor_icms_total": 58,
		"ven_cpf_comprador": 18542917246,
		"ven_cnpj_comprador": "",
		"funcionarios_fun_id": 6
	},
	{
		"ven_id": 7,
		"ven_data": "10/25/22",
		"ven_valor_final": 133,
		"ven_valor_icms_total": 89,
		"ven_cpf_comprador": 18105922434,
		"ven_cnpj_comprador": "Remover",
		"funcionarios_fun_id": 3
	},
	{
		"ven_id": 8,
		"ven_data": "10/22/22",
		"ven_valor_final": 117,
		"ven_valor_icms_total": 95,
		"ven_cpf_comprador": 17222086958,
		"ven_cnpj_comprador": "Remover",
		"funcionarios_fun_id": 6
	},
	{
		"ven_id": 9,
		"ven_data": "10/04/22",
		"ven_valor_final": 144,
		"ven_valor_icms_total": 80,
		"ven_cpf_comprador": 16677873726,
		"ven_cnpj_comprador": "",
		"funcionarios_fun_id": 9
	},
	{
		"ven_id": 10,
		"ven_data": "10/09/22",
		"ven_valor_final": 117,
		"ven_valor_icms_total": 94,
		"ven_cpf_comprador": 13264813512,
		"ven_cnpj_comprador": "Remover",
		"funcionarios_fun_id": 5
	},
	{
		"ven_id": 11,
		"ven_data": "10/18/22",
		"ven_valor_final": 114,
		"ven_valor_icms_total": 59,
		"ven_cpf_comprador": 14284855540,
		"ven_cnpj_comprador": "Remover",
		"funcionarios_fun_id": 7
	},
	{
		"ven_id": 12,
		"ven_data": "10/22/22",
		"ven_valor_final": 126,
		"ven_valor_icms_total": 98,
		"ven_cpf_comprador": 15127510695,
		"ven_cnpj_comprador": "Remover",
		"funcionarios_fun_id": 10
	},
	{
		"ven_id": 13,
		"ven_data": "10/06/22",
		"ven_valor_final": 129,
		"ven_valor_icms_total": 86,
		"ven_cpf_comprador": 13825414258,
		"ven_cnpj_comprador": "Remover",
		"funcionarios_fun_id": 4
	},
	{
		"ven_id": 14,
		"ven_data": "10/10/22",
		"ven_valor_final": 126,
		"ven_valor_icms_total": 50,
		"ven_cpf_comprador": 18543817133,
		"ven_cnpj_comprador": "Remover",
		"funcionarios_fun_id": 6
	},
	{
		"ven_id": 15,
		"ven_data": "09/21/22",
		"ven_valor_final": 150,
		"ven_valor_icms_total": 81,
		"ven_cpf_comprador": 11381589250,
		"ven_cnpj_comprador": "Remover",
		"funcionarios_fun_id": 4
	},
	{
		"ven_id": 16,
		"ven_data": "09/25/22",
		"ven_valor_final": 139,
		"ven_valor_icms_total": 76,
		"ven_cpf_comprador": 18315985451,
		"ven_cnpj_comprador": "Remover",
		"funcionarios_fun_id": 8
	},
	{
		"ven_id": 17,
		"ven_data": "09/27/22",
		"ven_valor_final": 118,
		"ven_valor_icms_total": 65,
		"ven_cpf_comprador": 19245116814,
		"ven_cnpj_comprador": "Remover",
		"funcionarios_fun_id": 5
	},
	{
		"ven_id": 18,
		"ven_data": "10/01/22",
		"ven_valor_final": 148,
		"ven_valor_icms_total": 75,
		"ven_cpf_comprador": 11691896244,
		"ven_cnpj_comprador": "Remover",
		"funcionarios_fun_id": 5
	},
	{
		"ven_id": 19,
		"ven_data": "10/25/22",
		"ven_valor_final": 145,
		"ven_valor_icms_total": 58,
		"ven_cpf_comprador": 19613428918,
		"ven_cnpj_comprador": "",
		"funcionarios_fun_id": 6
	},
	{
		"ven_id": 20,
		"ven_data": "10/12/22",
		"ven_valor_final": 126,
		"ven_valor_icms_total": 55,
		"ven_cpf_comprador": 15051658733,
		"ven_cnpj_comprador": "Remover",
		"funcionarios_fun_id": 10
	},
	{
		"ven_id": 21,
		"ven_data": "10/18/22",
		"ven_valor_final": 109,
		"ven_valor_icms_total": 67,
		"ven_cpf_comprador": 12386463907,
		"ven_cnpj_comprador": "",
		"funcionarios_fun_id": 8
	},
	{
		"ven_id": 22,
		"ven_data": "10/14/22",
		"ven_valor_final": 103,
		"ven_valor_icms_total": 83,
		"ven_cpf_comprador": 16520857842,
		"ven_cnpj_comprador": "",
		"funcionarios_fun_id": 2
	},
	{
		"ven_id": 23,
		"ven_data": "10/03/22",
		"ven_valor_final": 116,
		"ven_valor_icms_total": 82,
		"ven_cpf_comprador": 11221113274,
		"ven_cnpj_comprador": "Remover",
		"funcionarios_fun_id": 9
	},
	{
		"ven_id": 24,
		"ven_data": "09/21/22",
		"ven_valor_final": 116,
		"ven_valor_icms_total": 89,
		"ven_cpf_comprador": 13684064680,
		"ven_cnpj_comprador": "",
		"funcionarios_fun_id": 1
	},
	{
		"ven_id": 25,
		"ven_data": "09/24/22",
		"ven_valor_final": 137,
		"ven_valor_icms_total": 79,
		"ven_cpf_comprador": 18512858897,
		"ven_cnpj_comprador": "Remover",
		"funcionarios_fun_id": 3
	},
	{
		"ven_id": 26,
		"ven_data": "09/28/22",
		"ven_valor_final": 123,
		"ven_valor_icms_total": 59,
		"ven_cpf_comprador": 17291005865,
		"ven_cnpj_comprador": "",
		"funcionarios_fun_id": 3
	},
	{
		"ven_id": 27,
		"ven_data": "10/10/22",
		"ven_valor_final": 125,
		"ven_valor_icms_total": 64,
		"ven_cpf_comprador": 19714116330,
		"ven_cnpj_comprador": "",
		"funcionarios_fun_id": 2
	},
	{
		"ven_id": 28,
		"ven_data": "09/21/22",
		"ven_valor_final": 116,
		"ven_valor_icms_total": 63,
		"ven_cpf_comprador": 15256311409,
		"ven_cnpj_comprador": "",
		"funcionarios_fun_id": 1
	},
	{
		"ven_id": 29,
		"ven_data": "09/23/22",
		"ven_valor_final": 134,
		"ven_valor_icms_total": 88,
		"ven_cpf_comprador": 18137708237,
		"ven_cnpj_comprador": "Remover",
		"funcionarios_fun_id": 3
	},
	{
		"ven_id": 30,
		"ven_data": "10/18/22",
		"ven_valor_final": 135,
		"ven_valor_icms_total": 78,
		"ven_cpf_comprador": 10577682531,
		"ven_cnpj_comprador": "",
		"funcionarios_fun_id": 10
	},
	{
		"ven_id": 31,
		"ven_data": "10/19/22",
		"ven_valor_final": 102,
		"ven_valor_icms_total": 62,
		"ven_cpf_comprador": 12705421106,
		"ven_cnpj_comprador": "",
		"funcionarios_fun_id": 9
	},
	{
		"ven_id": 32,
		"ven_data": "10/22/22",
		"ven_valor_final": 133,
		"ven_valor_icms_total": 56,
		"ven_cpf_comprador": 14853788249,
		"ven_cnpj_comprador": "",
		"funcionarios_fun_id": 5
	},
	{
		"ven_id": 33,
		"ven_data": "10/09/22",
		"ven_valor_final": 126,
		"ven_valor_icms_total": 86,
		"ven_cpf_comprador": 12867970281,
		"ven_cnpj_comprador": "Remover",
		"funcionarios_fun_id": 6
	},
	{
		"ven_id": 34,
		"ven_data": "09/27/22",
		"ven_valor_final": 149,
		"ven_valor_icms_total": 58,
		"ven_cpf_comprador": 11464795413,
		"ven_cnpj_comprador": "",
		"funcionarios_fun_id": 2
	},
	{
		"ven_id": 35,
		"ven_data": "10/07/22",
		"ven_valor_final": 138,
		"ven_valor_icms_total": 63,
		"ven_cpf_comprador": 18227214261,
		"ven_cnpj_comprador": "",
		"funcionarios_fun_id": 3
	},
	{
		"ven_id": 36,
		"ven_data": "10/05/22",
		"ven_valor_final": 126,
		"ven_valor_icms_total": 94,
		"ven_cpf_comprador": 18441073027,
		"ven_cnpj_comprador": "Remover",
		"funcionarios_fun_id": 7
	},
	{
		"ven_id": 37,
		"ven_data": "10/04/22",
		"ven_valor_final": 114,
		"ven_valor_icms_total": 90,
		"ven_cpf_comprador": 17885786734,
		"ven_cnpj_comprador": "Remover",
		"funcionarios_fun_id": 6
	},
	{
		"ven_id": 38,
		"ven_data": "09/30/22",
		"ven_valor_final": 125,
		"ven_valor_icms_total": 92,
		"ven_cpf_comprador": 10619516684,
		"ven_cnpj_comprador": "",
		"funcionarios_fun_id": 3
	},
	{
		"ven_id": 39,
		"ven_data": "09/24/22",
		"ven_valor_final": 110,
		"ven_valor_icms_total": 82,
		"ven_cpf_comprador": 11183450039,
		"ven_cnpj_comprador": "Remover",
		"funcionarios_fun_id": 9
	},
	{
		"ven_id": 40,
		"ven_data": "10/22/22",
		"ven_valor_final": 132,
		"ven_valor_icms_total": 55,
		"ven_cpf_comprador": 12240452128,
		"ven_cnpj_comprador": "Remover",
		"funcionarios_fun_id": 8
	},
	{
		"ven_id": 41,
		"ven_data": "09/26/22",
		"ven_valor_final": 128,
		"ven_valor_icms_total": 54,
		"ven_cpf_comprador": 10528578557,
		"ven_cnpj_comprador": "",
		"funcionarios_fun_id": 6
	},
	{
		"ven_id": 42,
		"ven_data": "10/18/22",
		"ven_valor_final": 125,
		"ven_valor_icms_total": 82,
		"ven_cpf_comprador": 17471428364,
		"ven_cnpj_comprador": "",
		"funcionarios_fun_id": 9
	},
	{
		"ven_id": 43,
		"ven_data": "10/04/22",
		"ven_valor_final": 123,
		"ven_valor_icms_total": 87,
		"ven_cpf_comprador": 14254225547,
		"ven_cnpj_comprador": "",
		"funcionarios_fun_id": 6
	},
	{
		"ven_id": 44,
		"ven_data": "09/22/22",
		"ven_valor_final": 132,
		"ven_valor_icms_total": 83,
		"ven_cpf_comprador": 12984887247,
		"ven_cnpj_comprador": "Remover",
		"funcionarios_fun_id": 3
	},
	{
		"ven_id": 45,
		"ven_data": "09/26/22",
		"ven_valor_final": 144,
		"ven_valor_icms_total": 85,
		"ven_cpf_comprador": 15799334985,
		"ven_cnpj_comprador": "Remover",
		"funcionarios_fun_id": 4
	},
	{
		"ven_id": 46,
		"ven_data": "10/23/22",
		"ven_valor_final": 130,
		"ven_valor_icms_total": 51,
		"ven_cpf_comprador": 17933877157,
		"ven_cnpj_comprador": "",
		"funcionarios_fun_id": 3
	},
	{
		"ven_id": 47,
		"ven_data": "09/25/22",
		"ven_valor_final": 104,
		"ven_valor_icms_total": 88,
		"ven_cpf_comprador": 19172736158,
		"ven_cnpj_comprador": "",
		"funcionarios_fun_id": 9
	},
	{
		"ven_id": 48,
		"ven_data": "10/01/22",
		"ven_valor_final": 104,
		"ven_valor_icms_total": 54,
		"ven_cpf_comprador": 18614184324,
		"ven_cnpj_comprador": "",
		"funcionarios_fun_id": 4
	},
	{
		"ven_id": 49,
		"ven_data": "10/10/22",
		"ven_valor_final": 101,
		"ven_valor_icms_total": 96,
		"ven_cpf_comprador": 14473053753,
		"ven_cnpj_comprador": "Remover",
		"funcionarios_fun_id": 1
	},
	{
		"ven_id": 50,
		"ven_data": "10/07/22",
		"ven_valor_final": 136,
		"ven_valor_icms_total": 59,
		"ven_cpf_comprador": 15552129995,
		"ven_cnpj_comprador": "Remover",
		"funcionarios_fun_id": 6
	},
	{
		"ven_id": 51,
		"ven_data": "09/28/22",
		"ven_valor_final": 113,
		"ven_valor_icms_total": 68,
		"ven_cpf_comprador": 16942539662,
		"ven_cnpj_comprador": "",
		"funcionarios_fun_id": 2
	},
	{
		"ven_id": 52,
		"ven_data": "10/08/22",
		"ven_valor_final": 117,
		"ven_valor_icms_total": 79,
		"ven_cpf_comprador": 18866562692,
		"ven_cnpj_comprador": "Remover",
		"funcionarios_fun_id": 4
	},
	{
		"ven_id": 53,
		"ven_data": "10/21/22",
		"ven_valor_final": 114,
		"ven_valor_icms_total": 90,
		"ven_cpf_comprador": 14317526729,
		"ven_cnpj_comprador": "Remover",
		"funcionarios_fun_id": 9
	},
	{
		"ven_id": 54,
		"ven_data": "10/06/22",
		"ven_valor_final": 105,
		"ven_valor_icms_total": 53,
		"ven_cpf_comprador": 12402204855,
		"ven_cnpj_comprador": "",
		"funcionarios_fun_id": 1
	},
	{
		"ven_id": 55,
		"ven_data": "10/13/22",
		"ven_valor_final": 113,
		"ven_valor_icms_total": 73,
		"ven_cpf_comprador": 17213407443,
		"ven_cnpj_comprador": "",
		"funcionarios_fun_id": 3
	},
	{
		"ven_id": 56,
		"ven_data": "09/27/22",
		"ven_valor_final": 138,
		"ven_valor_icms_total": 60,
		"ven_cpf_comprador": 15532326647,
		"ven_cnpj_comprador": "Remover",
		"funcionarios_fun_id": 5
	},
	{
		"ven_id": 57,
		"ven_data": "10/20/22",
		"ven_valor_final": 104,
		"ven_valor_icms_total": 89,
		"ven_cpf_comprador": 12668187443,
		"ven_cnpj_comprador": "",
		"funcionarios_fun_id": 5
	},
	{
		"ven_id": 58,
		"ven_data": "10/17/22",
		"ven_valor_final": 127,
		"ven_valor_icms_total": 99,
		"ven_cpf_comprador": 10473433441,
		"ven_cnpj_comprador": "",
		"funcionarios_fun_id": 2
	},
	{
		"ven_id": 59,
		"ven_data": "09/30/22",
		"ven_valor_final": 124,
		"ven_valor_icms_total": 81,
		"ven_cpf_comprador": 15551502774,
		"ven_cnpj_comprador": "Remover",
		"funcionarios_fun_id": 4
	},
	{
		"ven_id": 60,
		"ven_data": "10/05/22",
		"ven_valor_final": 133,
		"ven_valor_icms_total": 51,
		"ven_cpf_comprador": 10757285456,
		"ven_cnpj_comprador": "",
		"funcionarios_fun_id": 7
	},
	{
		"ven_id": 61,
		"ven_data": "10/11/22",
		"ven_valor_final": 120,
		"ven_valor_icms_total": 99,
		"ven_cpf_comprador": 10414883407,
		"ven_cnpj_comprador": "Remover",
		"funcionarios_fun_id": 3
	},
	{
		"ven_id": 62,
		"ven_data": "10/26/22",
		"ven_valor_final": 123,
		"ven_valor_icms_total": 54,
		"ven_cpf_comprador": 13522637227,
		"ven_cnpj_comprador": "Remover",
		"funcionarios_fun_id": 4
	},
	{
		"ven_id": 63,
		"ven_data": "09/27/22",
		"ven_valor_final": 119,
		"ven_valor_icms_total": 87,
		"ven_cpf_comprador": 11862405462,
		"ven_cnpj_comprador": "Remover",
		"funcionarios_fun_id": 3
	},
	{
		"ven_id": 64,
		"ven_data": "09/30/22",
		"ven_valor_final": 144,
		"ven_valor_icms_total": 82,
		"ven_cpf_comprador": 19346539492,
		"ven_cnpj_comprador": "",
		"funcionarios_fun_id": 1
	},
	{
		"ven_id": 65,
		"ven_data": "09/21/22",
		"ven_valor_final": 135,
		"ven_valor_icms_total": 69,
		"ven_cpf_comprador": 11316452521,
		"ven_cnpj_comprador": "",
		"funcionarios_fun_id": 5
	},
	{
		"ven_id": 66,
		"ven_data": "10/02/22",
		"ven_valor_final": 136,
		"ven_valor_icms_total": 69,
		"ven_cpf_comprador": 14583742586,
		"ven_cnpj_comprador": "",
		"funcionarios_fun_id": 7
	},
	{
		"ven_id": 67,
		"ven_data": "09/29/22",
		"ven_valor_final": 148,
		"ven_valor_icms_total": 74,
		"ven_cpf_comprador": 16853814171,
		"ven_cnpj_comprador": "Remover",
		"funcionarios_fun_id": 4
	},
	{
		"ven_id": 68,
		"ven_data": "10/20/22",
		"ven_valor_final": 138,
		"ven_valor_icms_total": 53,
		"ven_cpf_comprador": 17228269851,
		"ven_cnpj_comprador": "",
		"funcionarios_fun_id": 4
	},
	{
		"ven_id": 69,
		"ven_data": "10/25/22",
		"ven_valor_final": 141,
		"ven_valor_icms_total": 74,
		"ven_cpf_comprador": 12544398841,
		"ven_cnpj_comprador": "Remover",
		"funcionarios_fun_id": 7
	},
	{
		"ven_id": 70,
		"ven_data": "10/19/22",
		"ven_valor_final": 118,
		"ven_valor_icms_total": 98,
		"ven_cpf_comprador": 12473627625,
		"ven_cnpj_comprador": "",
		"funcionarios_fun_id": 10
	},
	{
		"ven_id": 71,
		"ven_data": "09/30/22",
		"ven_valor_final": 150,
		"ven_valor_icms_total": 92,
		"ven_cpf_comprador": 19741470886,
		"ven_cnpj_comprador": "Remover",
		"funcionarios_fun_id": 6
	},
	{
		"ven_id": 72,
		"ven_data": "10/14/22",
		"ven_valor_final": 140,
		"ven_valor_icms_total": 75,
		"ven_cpf_comprador": 18344524640,
		"ven_cnpj_comprador": "",
		"funcionarios_fun_id": 3
	},
	{
		"ven_id": 73,
		"ven_data": "10/23/22",
		"ven_valor_final": 108,
		"ven_valor_icms_total": 79,
		"ven_cpf_comprador": 18626060538,
		"ven_cnpj_comprador": "Remover",
		"funcionarios_fun_id": 1
	},
	{
		"ven_id": 74,
		"ven_data": "10/18/22",
		"ven_valor_final": 120,
		"ven_valor_icms_total": 94,
		"ven_cpf_comprador": 11866454474,
		"ven_cnpj_comprador": "Remover",
		"funcionarios_fun_id": 8
	},
	{
		"ven_id": 75,
		"ven_data": "10/06/22",
		"ven_valor_final": 112,
		"ven_valor_icms_total": 74,
		"ven_cpf_comprador": 18081212366,
		"ven_cnpj_comprador": "Remover",
		"funcionarios_fun_id": 5
	},
	{
		"ven_id": 76,
		"ven_data": "10/18/22",
		"ven_valor_final": 107,
		"ven_valor_icms_total": 79,
		"ven_cpf_comprador": 15017928118,
		"ven_cnpj_comprador": "",
		"funcionarios_fun_id": 7
	},
	{
		"ven_id": 77,
		"ven_data": "10/14/22",
		"ven_valor_final": 118,
		"ven_valor_icms_total": 64,
		"ven_cpf_comprador": 18910454743,
		"ven_cnpj_comprador": "Remover",
		"funcionarios_fun_id": 4
	},
	{
		"ven_id": 78,
		"ven_data": "10/07/22",
		"ven_valor_final": 113,
		"ven_valor_icms_total": 54,
		"ven_cpf_comprador": 17548957488,
		"ven_cnpj_comprador": "",
		"funcionarios_fun_id": 1
	},
	{
		"ven_id": 79,
		"ven_data": "10/03/22",
		"ven_valor_final": 138,
		"ven_valor_icms_total": 84,
		"ven_cpf_comprador": 13573984477,
		"ven_cnpj_comprador": "",
		"funcionarios_fun_id": 4
	},
	{
		"ven_id": 80,
		"ven_data": "09/27/22",
		"ven_valor_final": 142,
		"ven_valor_icms_total": 66,
		"ven_cpf_comprador": 18260163578,
		"ven_cnpj_comprador": "",
		"funcionarios_fun_id": 7
	},
	{
		"ven_id": 81,
		"ven_data": "10/08/22",
		"ven_valor_final": 142,
		"ven_valor_icms_total": 57,
		"ven_cpf_comprador": 18778329527,
		"ven_cnpj_comprador": "",
		"funcionarios_fun_id": 3
	},
	{
		"ven_id": 82,
		"ven_data": "10/01/22",
		"ven_valor_final": 132,
		"ven_valor_icms_total": 84,
		"ven_cpf_comprador": 12400347256,
		"ven_cnpj_comprador": "",
		"funcionarios_fun_id": 8
	},
	{
		"ven_id": 83,
		"ven_data": "10/19/22",
		"ven_valor_final": 150,
		"ven_valor_icms_total": 99,
		"ven_cpf_comprador": 18276446356,
		"ven_cnpj_comprador": "Remover",
		"funcionarios_fun_id": 9
	},
	{
		"ven_id": 84,
		"ven_data": "09/27/22",
		"ven_valor_final": 146,
		"ven_valor_icms_total": 87,
		"ven_cpf_comprador": 10671743771,
		"ven_cnpj_comprador": "Remover",
		"funcionarios_fun_id": 5
	},
	{
		"ven_id": 85,
		"ven_data": "10/13/22",
		"ven_valor_final": 103,
		"ven_valor_icms_total": 77,
		"ven_cpf_comprador": 18883575486,
		"ven_cnpj_comprador": "Remover",
		"funcionarios_fun_id": 8
	},
	{
		"ven_id": 86,
		"ven_data": "10/08/22",
		"ven_valor_final": 125,
		"ven_valor_icms_total": 56,
		"ven_cpf_comprador": 15246323034,
		"ven_cnpj_comprador": "",
		"funcionarios_fun_id": 2
	},
	{
		"ven_id": 87,
		"ven_data": "09/26/22",
		"ven_valor_final": 136,
		"ven_valor_icms_total": 59,
		"ven_cpf_comprador": 10553065014,
		"ven_cnpj_comprador": "Remover",
		"funcionarios_fun_id": 8
	},
	{
		"ven_id": 88,
		"ven_data": "10/17/22",
		"ven_valor_final": 115,
		"ven_valor_icms_total": 75,
		"ven_cpf_comprador": 14255162767,
		"ven_cnpj_comprador": "",
		"funcionarios_fun_id": 6
	},
	{
		"ven_id": 89,
		"ven_data": "10/23/22",
		"ven_valor_final": 140,
		"ven_valor_icms_total": 85,
		"ven_cpf_comprador": 18467320758,
		"ven_cnpj_comprador": "Remover",
		"funcionarios_fun_id": 9
	},
	{
		"ven_id": 90,
		"ven_data": "10/20/22",
		"ven_valor_final": 139,
		"ven_valor_icms_total": 86,
		"ven_cpf_comprador": 17577560711,
		"ven_cnpj_comprador": "",
		"funcionarios_fun_id": 6
	},
	{
		"ven_id": 91,
		"ven_data": "09/27/22",
		"ven_valor_final": 100,
		"ven_valor_icms_total": 63,
		"ven_cpf_comprador": 13708507612,
		"ven_cnpj_comprador": "Remover",
		"funcionarios_fun_id": 9
	},
	{
		"ven_id": 92,
		"ven_data": "10/18/22",
		"ven_valor_final": 106,
		"ven_valor_icms_total": 57,
		"ven_cpf_comprador": 19424718439,
		"ven_cnpj_comprador": "Remover",
		"funcionarios_fun_id": 9
	},
	{
		"ven_id": 93,
		"ven_data": "10/16/22",
		"ven_valor_final": 126,
		"ven_valor_icms_total": 59,
		"ven_cpf_comprador": 12218433531,
		"ven_cnpj_comprador": "",
		"funcionarios_fun_id": 2
	},
	{
		"ven_id": 94,
		"ven_data": "10/09/22",
		"ven_valor_final": 126,
		"ven_valor_icms_total": 80,
		"ven_cpf_comprador": 18362664449,
		"ven_cnpj_comprador": "Remover",
		"funcionarios_fun_id": 2
	},
	{
		"ven_id": 95,
		"ven_data": "10/25/22",
		"ven_valor_final": 101,
		"ven_valor_icms_total": 96,
		"ven_cpf_comprador": 11869279816,
		"ven_cnpj_comprador": "Remover",
		"funcionarios_fun_id": 6
	},
	{
		"ven_id": 96,
		"ven_data": "10/22/22",
		"ven_valor_final": 129,
		"ven_valor_icms_total": 58,
		"ven_cpf_comprador": 13257662789,
		"ven_cnpj_comprador": "",
		"funcionarios_fun_id": 4
	},
	{
		"ven_id": 97,
		"ven_data": "10/09/22",
		"ven_valor_final": 119,
		"ven_valor_icms_total": 89,
		"ven_cpf_comprador": 13893873139,
		"ven_cnpj_comprador": "",
		"funcionarios_fun_id": 7
	},
	{
		"ven_id": 98,
		"ven_data": "10/16/22",
		"ven_valor_final": 110,
		"ven_valor_icms_total": 70,
		"ven_cpf_comprador": 16570563347,
		"ven_cnpj_comprador": "",
		"funcionarios_fun_id": 5
	},
	{
		"ven_id": 99,
		"ven_data": "09/27/22",
		"ven_valor_final": 144,
		"ven_valor_icms_total": 99,
		"ven_cpf_comprador": 18875458305,
		"ven_cnpj_comprador": "Remover",
		"funcionarios_fun_id": 7
	},
	{
		"ven_id": 100,
		"ven_data": "09/28/22",
		"ven_valor_final": 113,
		"ven_valor_icms_total": 97,
		"ven_cpf_comprador": 17623054870,
		"ven_cnpj_comprador": "",
		"funcionarios_fun_id": 5
	},
	{
		"ven_id": 101,
		"ven_data": "09/21/22",
		"ven_valor_final": 148,
		"ven_valor_icms_total": 88,
		"ven_cpf_comprador": 11421062949,
		"ven_cnpj_comprador": "Remover",
		"funcionarios_fun_id": 9
	},
	{
		"ven_id": 102,
		"ven_data": "10/24/22",
		"ven_valor_final": 115,
		"ven_valor_icms_total": 61,
		"ven_cpf_comprador": 17388535242,
		"ven_cnpj_comprador": "Remover",
		"funcionarios_fun_id": 3
	},
	{
		"ven_id": 103,
		"ven_data": "10/18/22",
		"ven_valor_final": 128,
		"ven_valor_icms_total": 55,
		"ven_cpf_comprador": 15888158991,
		"ven_cnpj_comprador": "Remover",
		"funcionarios_fun_id": 2
	},
	{
		"ven_id": 104,
		"ven_data": "10/18/22",
		"ven_valor_final": 138,
		"ven_valor_icms_total": 83,
		"ven_cpf_comprador": 16943705520,
		"ven_cnpj_comprador": "Remover",
		"funcionarios_fun_id": 5
	},
	{
		"ven_id": 105,
		"ven_data": "10/26/22",
		"ven_valor_final": 150,
		"ven_valor_icms_total": 87,
		"ven_cpf_comprador": 16801338557,
		"ven_cnpj_comprador": "Remover",
		"funcionarios_fun_id": 8
	},
	{
		"ven_id": 106,
		"ven_data": "10/19/22",
		"ven_valor_final": 128,
		"ven_valor_icms_total": 60,
		"ven_cpf_comprador": 13626645264,
		"ven_cnpj_comprador": "",
		"funcionarios_fun_id": 5
	},
	{
		"ven_id": 107,
		"ven_data": "09/23/22",
		"ven_valor_final": 147,
		"ven_valor_icms_total": 73,
		"ven_cpf_comprador": 17389237974,
		"ven_cnpj_comprador": "",
		"funcionarios_fun_id": 4
	},
	{
		"ven_id": 108,
		"ven_data": "10/26/22",
		"ven_valor_final": 144,
		"ven_valor_icms_total": 66,
		"ven_cpf_comprador": 13161678330,
		"ven_cnpj_comprador": "",
		"funcionarios_fun_id": 9
	},
	{
		"ven_id": 109,
		"ven_data": "10/23/22",
		"ven_valor_final": 124,
		"ven_valor_icms_total": 88,
		"ven_cpf_comprador": 15852403267,
		"ven_cnpj_comprador": "",
		"funcionarios_fun_id": 6
	},
	{
		"ven_id": 110,
		"ven_data": "10/17/22",
		"ven_valor_final": 104,
		"ven_valor_icms_total": 64,
		"ven_cpf_comprador": 17728327963,
		"ven_cnpj_comprador": "",
		"funcionarios_fun_id": 8
	},
	{
		"ven_id": 111,
		"ven_data": "10/17/22",
		"ven_valor_final": 136,
		"ven_valor_icms_total": 86,
		"ven_cpf_comprador": 16803356895,
		"ven_cnpj_comprador": "Remover",
		"funcionarios_fun_id": 9
	},
	{
		"ven_id": 112,
		"ven_data": "10/13/22",
		"ven_valor_final": 131,
		"ven_valor_icms_total": 82,
		"ven_cpf_comprador": 17178846266,
		"ven_cnpj_comprador": "Remover",
		"funcionarios_fun_id": 2
	},
	{
		"ven_id": 113,
		"ven_data": "10/10/22",
		"ven_valor_final": 131,
		"ven_valor_icms_total": 58,
		"ven_cpf_comprador": 12361174785,
		"ven_cnpj_comprador": "",
		"funcionarios_fun_id": 2
	},
	{
		"ven_id": 114,
		"ven_data": "10/22/22",
		"ven_valor_final": 138,
		"ven_valor_icms_total": 72,
		"ven_cpf_comprador": 19708726463,
		"ven_cnpj_comprador": "Remover",
		"funcionarios_fun_id": 9
	},
	{
		"ven_id": 115,
		"ven_data": "10/22/22",
		"ven_valor_final": 120,
		"ven_valor_icms_total": 64,
		"ven_cpf_comprador": 14473464034,
		"ven_cnpj_comprador": "Remover",
		"funcionarios_fun_id": 8
	},
	{
		"ven_id": 116,
		"ven_data": "10/14/22",
		"ven_valor_final": 132,
		"ven_valor_icms_total": 74,
		"ven_cpf_comprador": 17740475636,
		"ven_cnpj_comprador": "Remover",
		"funcionarios_fun_id": 2
	},
	{
		"ven_id": 117,
		"ven_data": "10/24/22",
		"ven_valor_final": 149,
		"ven_valor_icms_total": 62,
		"ven_cpf_comprador": 16040823363,
		"ven_cnpj_comprador": "",
		"funcionarios_fun_id": 4
	},
	{
		"ven_id": 118,
		"ven_data": "09/30/22",
		"ven_valor_final": 113,
		"ven_valor_icms_total": 94,
		"ven_cpf_comprador": 14780736582,
		"ven_cnpj_comprador": "Remover",
		"funcionarios_fun_id": 8
	},
	{
		"ven_id": 119,
		"ven_data": "09/30/22",
		"ven_valor_final": 133,
		"ven_valor_icms_total": 81,
		"ven_cpf_comprador": 18196803910,
		"ven_cnpj_comprador": "Remover",
		"funcionarios_fun_id": 10
	},
	{
		"ven_id": 120,
		"ven_data": "10/02/22",
		"ven_valor_final": 114,
		"ven_valor_icms_total": 90,
		"ven_cpf_comprador": 17749818645,
		"ven_cnpj_comprador": "Remover",
		"funcionarios_fun_id": 9
	},
	{
		"ven_id": 121,
		"ven_data": "09/25/22",
		"ven_valor_final": 117,
		"ven_valor_icms_total": 75,
		"ven_cpf_comprador": 18450486237,
		"ven_cnpj_comprador": "Remover",
		"funcionarios_fun_id": 7
	},
	{
		"ven_id": 122,
		"ven_data": "10/04/22",
		"ven_valor_final": 140,
		"ven_valor_icms_total": 52,
		"ven_cpf_comprador": 14801701146,
		"ven_cnpj_comprador": "Remover",
		"funcionarios_fun_id": 8
	},
	{
		"ven_id": 123,
		"ven_data": "09/21/22",
		"ven_valor_final": 143,
		"ven_valor_icms_total": 92,
		"ven_cpf_comprador": 17297121777,
		"ven_cnpj_comprador": "",
		"funcionarios_fun_id": 1
	},
	{
		"ven_id": 124,
		"ven_data": "10/15/22",
		"ven_valor_final": 146,
		"ven_valor_icms_total": 66,
		"ven_cpf_comprador": 19150561638,
		"ven_cnpj_comprador": "",
		"funcionarios_fun_id": 3
	},
	{
		"ven_id": 125,
		"ven_data": "10/03/22",
		"ven_valor_final": 114,
		"ven_valor_icms_total": 95,
		"ven_cpf_comprador": 18791251208,
		"ven_cnpj_comprador": "Remover",
		"funcionarios_fun_id": 6
	},
	{
		"ven_id": 126,
		"ven_data": "09/30/22",
		"ven_valor_final": 133,
		"ven_valor_icms_total": 78,
		"ven_cpf_comprador": 18159469417,
		"ven_cnpj_comprador": "Remover",
		"funcionarios_fun_id": 4
	},
	{
		"ven_id": 127,
		"ven_data": "09/26/22",
		"ven_valor_final": 130,
		"ven_valor_icms_total": 75,
		"ven_cpf_comprador": 17863599376,
		"ven_cnpj_comprador": "Remover",
		"funcionarios_fun_id": 9
	},
	{
		"ven_id": 128,
		"ven_data": "10/23/22",
		"ven_valor_final": 115,
		"ven_valor_icms_total": 72,
		"ven_cpf_comprador": 12138865253,
		"ven_cnpj_comprador": "Remover",
		"funcionarios_fun_id": 4
	},
	{
		"ven_id": 129,
		"ven_data": "10/06/22",
		"ven_valor_final": 125,
		"ven_valor_icms_total": 94,
		"ven_cpf_comprador": 17103192607,
		"ven_cnpj_comprador": "Remover",
		"funcionarios_fun_id": 7
	},
	{
		"ven_id": 130,
		"ven_data": "10/17/22",
		"ven_valor_final": 108,
		"ven_valor_icms_total": 90,
		"ven_cpf_comprador": 14087953881,
		"ven_cnpj_comprador": "Remover",
		"funcionarios_fun_id": 2
	},
	{
		"ven_id": 131,
		"ven_data": "09/21/22",
		"ven_valor_final": 118,
		"ven_valor_icms_total": 92,
		"ven_cpf_comprador": 12917659064,
		"ven_cnpj_comprador": "Remover",
		"funcionarios_fun_id": 2
	},
	{
		"ven_id": 132,
		"ven_data": "10/17/22",
		"ven_valor_final": 120,
		"ven_valor_icms_total": 56,
		"ven_cpf_comprador": 12794454562,
		"ven_cnpj_comprador": "Remover",
		"funcionarios_fun_id": 9
	},
	{
		"ven_id": 133,
		"ven_data": "10/09/22",
		"ven_valor_final": 124,
		"ven_valor_icms_total": 56,
		"ven_cpf_comprador": 17361556178,
		"ven_cnpj_comprador": "",
		"funcionarios_fun_id": 10
	},
	{
		"ven_id": 134,
		"ven_data": "10/20/22",
		"ven_valor_final": 138,
		"ven_valor_icms_total": 99,
		"ven_cpf_comprador": 18933794004,
		"ven_cnpj_comprador": "Remover",
		"funcionarios_fun_id": 7
	},
	{
		"ven_id": 135,
		"ven_data": "09/25/22",
		"ven_valor_final": 131,
		"ven_valor_icms_total": 53,
		"ven_cpf_comprador": 17262445640,
		"ven_cnpj_comprador": "Remover",
		"funcionarios_fun_id": 4
	},
	{
		"ven_id": 136,
		"ven_data": "10/03/22",
		"ven_valor_final": 108,
		"ven_valor_icms_total": 79,
		"ven_cpf_comprador": 11197415334,
		"ven_cnpj_comprador": "",
		"funcionarios_fun_id": 1
	},
	{
		"ven_id": 137,
		"ven_data": "10/04/22",
		"ven_valor_final": 118,
		"ven_valor_icms_total": 60,
		"ven_cpf_comprador": 18071234732,
		"ven_cnpj_comprador": "Remover",
		"funcionarios_fun_id": 4
	},
	{
		"ven_id": 138,
		"ven_data": "10/06/22",
		"ven_valor_final": 109,
		"ven_valor_icms_total": 56,
		"ven_cpf_comprador": 12312388227,
		"ven_cnpj_comprador": "",
		"funcionarios_fun_id": 3
	},
	{
		"ven_id": 139,
		"ven_data": "10/23/22",
		"ven_valor_final": 124,
		"ven_valor_icms_total": 84,
		"ven_cpf_comprador": 16514578563,
		"ven_cnpj_comprador": "Remover",
		"funcionarios_fun_id": 2
	},
	{
		"ven_id": 140,
		"ven_data": "09/26/22",
		"ven_valor_final": 134,
		"ven_valor_icms_total": 71,
		"ven_cpf_comprador": 10336184344,
		"ven_cnpj_comprador": "",
		"funcionarios_fun_id": 6
	},
	{
		"ven_id": 141,
		"ven_data": "10/13/22",
		"ven_valor_final": 150,
		"ven_valor_icms_total": 57,
		"ven_cpf_comprador": 15346888248,
		"ven_cnpj_comprador": "",
		"funcionarios_fun_id": 8
	},
	{
		"ven_id": 142,
		"ven_data": "10/15/22",
		"ven_valor_final": 101,
		"ven_valor_icms_total": 91,
		"ven_cpf_comprador": 15216686666,
		"ven_cnpj_comprador": "Remover",
		"funcionarios_fun_id": 6
	},
	{
		"ven_id": 143,
		"ven_data": "09/27/22",
		"ven_valor_final": 129,
		"ven_valor_icms_total": 93,
		"ven_cpf_comprador": 18953320458,
		"ven_cnpj_comprador": "Remover",
		"funcionarios_fun_id": 4
	},
	{
		"ven_id": 144,
		"ven_data": "10/09/22",
		"ven_valor_final": 115,
		"ven_valor_icms_total": 83,
		"ven_cpf_comprador": 17812452756,
		"ven_cnpj_comprador": "Remover",
		"funcionarios_fun_id": 7
	},
	{
		"ven_id": 145,
		"ven_data": "09/22/22",
		"ven_valor_final": 125,
		"ven_valor_icms_total": 52,
		"ven_cpf_comprador": 19842854312,
		"ven_cnpj_comprador": "",
		"funcionarios_fun_id": 5
	},
	{
		"ven_id": 146,
		"ven_data": "10/03/22",
		"ven_valor_final": 111,
		"ven_valor_icms_total": 54,
		"ven_cpf_comprador": 12678553889,
		"ven_cnpj_comprador": "Remover",
		"funcionarios_fun_id": 8
	},
	{
		"ven_id": 147,
		"ven_data": "09/30/22",
		"ven_valor_final": 104,
		"ven_valor_icms_total": 69,
		"ven_cpf_comprador": 17257458781,
		"ven_cnpj_comprador": "",
		"funcionarios_fun_id": 3
	},
	{
		"ven_id": 148,
		"ven_data": "10/07/22",
		"ven_valor_final": 120,
		"ven_valor_icms_total": 55,
		"ven_cpf_comprador": 13431551459,
		"ven_cnpj_comprador": "Remover",
		"funcionarios_fun_id": 5
	},
	{
		"ven_id": 149,
		"ven_data": "10/19/22",
		"ven_valor_final": 132,
		"ven_valor_icms_total": 76,
		"ven_cpf_comprador": 13640366941,
		"ven_cnpj_comprador": "Remover",
		"funcionarios_fun_id": 5
	},
	{
		"ven_id": 150,
		"ven_data": "10/07/22",
		"ven_valor_final": 143,
		"ven_valor_icms_total": 92,
		"ven_cpf_comprador": 10996088621,
		"ven_cnpj_comprador": "Remover",
		"funcionarios_fun_id": 8
	},
	{
		"ven_id": 151,
		"ven_data": "10/22/22",
		"ven_valor_final": 104,
		"ven_valor_icms_total": 55,
		"ven_cpf_comprador": 15149758178,
		"ven_cnpj_comprador": "Remover",
		"funcionarios_fun_id": 9
	},
	{
		"ven_id": 152,
		"ven_data": "10/09/22",
		"ven_valor_final": 113,
		"ven_valor_icms_total": 77,
		"ven_cpf_comprador": 16314061672,
		"ven_cnpj_comprador": "",
		"funcionarios_fun_id": 4
	},
	{
		"ven_id": 153,
		"ven_data": "10/22/22",
		"ven_valor_final": 109,
		"ven_valor_icms_total": 91,
		"ven_cpf_comprador": 16445542551,
		"ven_cnpj_comprador": "Remover",
		"funcionarios_fun_id": 8
	},
	{
		"ven_id": 154,
		"ven_data": "09/30/22",
		"ven_valor_final": 114,
		"ven_valor_icms_total": 53,
		"ven_cpf_comprador": 13686990511,
		"ven_cnpj_comprador": "Remover",
		"funcionarios_fun_id": 10
	},
	{
		"ven_id": 155,
		"ven_data": "10/17/22",
		"ven_valor_final": 131,
		"ven_valor_icms_total": 90,
		"ven_cpf_comprador": 16702891644,
		"ven_cnpj_comprador": "Remover",
		"funcionarios_fun_id": 4
	},
	{
		"ven_id": 156,
		"ven_data": "10/07/22",
		"ven_valor_final": 146,
		"ven_valor_icms_total": 71,
		"ven_cpf_comprador": 16684147417,
		"ven_cnpj_comprador": "Remover",
		"funcionarios_fun_id": 2
	},
	{
		"ven_id": 157,
		"ven_data": "10/02/22",
		"ven_valor_final": 149,
		"ven_valor_icms_total": 67,
		"ven_cpf_comprador": 12810296929,
		"ven_cnpj_comprador": "Remover",
		"funcionarios_fun_id": 9
	},
	{
		"ven_id": 158,
		"ven_data": "10/19/22",
		"ven_valor_final": 105,
		"ven_valor_icms_total": 54,
		"ven_cpf_comprador": 15174497563,
		"ven_cnpj_comprador": "",
		"funcionarios_fun_id": 2
	},
	{
		"ven_id": 159,
		"ven_data": "10/16/22",
		"ven_valor_final": 115,
		"ven_valor_icms_total": 76,
		"ven_cpf_comprador": 17463500802,
		"ven_cnpj_comprador": "",
		"funcionarios_fun_id": 8
	},
	{
		"ven_id": 160,
		"ven_data": "10/07/22",
		"ven_valor_final": 144,
		"ven_valor_icms_total": 92,
		"ven_cpf_comprador": 15048587741,
		"ven_cnpj_comprador": "Remover",
		"funcionarios_fun_id": 9
	},
	{
		"ven_id": 161,
		"ven_data": "09/23/22",
		"ven_valor_final": 104,
		"ven_valor_icms_total": 61,
		"ven_cpf_comprador": 16241675666,
		"ven_cnpj_comprador": "Remover",
		"funcionarios_fun_id": 5
	},
	{
		"ven_id": 162,
		"ven_data": "10/09/22",
		"ven_valor_final": 103,
		"ven_valor_icms_total": 70,
		"ven_cpf_comprador": 11231721161,
		"ven_cnpj_comprador": "Remover",
		"funcionarios_fun_id": 8
	},
	{
		"ven_id": 163,
		"ven_data": "10/25/22",
		"ven_valor_final": 134,
		"ven_valor_icms_total": 91,
		"ven_cpf_comprador": 15428592074,
		"ven_cnpj_comprador": "Remover",
		"funcionarios_fun_id": 7
	},
	{
		"ven_id": 164,
		"ven_data": "10/24/22",
		"ven_valor_final": 126,
		"ven_valor_icms_total": 82,
		"ven_cpf_comprador": 12648771178,
		"ven_cnpj_comprador": "Remover",
		"funcionarios_fun_id": 9
	},
	{
		"ven_id": 165,
		"ven_data": "09/29/22",
		"ven_valor_final": 119,
		"ven_valor_icms_total": 80,
		"ven_cpf_comprador": 16869421274,
		"ven_cnpj_comprador": "Remover",
		"funcionarios_fun_id": 7
	},
	{
		"ven_id": 166,
		"ven_data": "10/05/22",
		"ven_valor_final": 140,
		"ven_valor_icms_total": 73,
		"ven_cpf_comprador": 11094493624,
		"ven_cnpj_comprador": "Remover",
		"funcionarios_fun_id": 7
	},
	{
		"ven_id": 167,
		"ven_data": "10/21/22",
		"ven_valor_final": 127,
		"ven_valor_icms_total": 75,
		"ven_cpf_comprador": 15457887268,
		"ven_cnpj_comprador": "Remover",
		"funcionarios_fun_id": 9
	},
	{
		"ven_id": 168,
		"ven_data": "10/09/22",
		"ven_valor_final": 110,
		"ven_valor_icms_total": 69,
		"ven_cpf_comprador": 12983651552,
		"ven_cnpj_comprador": "Remover",
		"funcionarios_fun_id": 4
	},
	{
		"ven_id": 169,
		"ven_data": "10/01/22",
		"ven_valor_final": 121,
		"ven_valor_icms_total": 95,
		"ven_cpf_comprador": 18157368868,
		"ven_cnpj_comprador": "",
		"funcionarios_fun_id": 6
	},
	{
		"ven_id": 170,
		"ven_data": "10/24/22",
		"ven_valor_final": 130,
		"ven_valor_icms_total": 87,
		"ven_cpf_comprador": 15429173523,
		"ven_cnpj_comprador": "Remover",
		"funcionarios_fun_id": 6
	},
	{
		"ven_id": 171,
		"ven_data": "10/09/22",
		"ven_valor_final": 100,
		"ven_valor_icms_total": 83,
		"ven_cpf_comprador": 12960964825,
		"ven_cnpj_comprador": "Remover",
		"funcionarios_fun_id": 3
	},
	{
		"ven_id": 172,
		"ven_data": "10/03/22",
		"ven_valor_final": 110,
		"ven_valor_icms_total": 59,
		"ven_cpf_comprador": 16084318540,
		"ven_cnpj_comprador": "Remover",
		"funcionarios_fun_id": 4
	},
	{
		"ven_id": 173,
		"ven_data": "10/24/22",
		"ven_valor_final": 143,
		"ven_valor_icms_total": 56,
		"ven_cpf_comprador": 16077258644,
		"ven_cnpj_comprador": "",
		"funcionarios_fun_id": 6
	},
	{
		"ven_id": 174,
		"ven_data": "10/03/22",
		"ven_valor_final": 140,
		"ven_valor_icms_total": 82,
		"ven_cpf_comprador": 12297164337,
		"ven_cnpj_comprador": "",
		"funcionarios_fun_id": 8
	},
	{
		"ven_id": 175,
		"ven_data": "10/07/22",
		"ven_valor_final": 144,
		"ven_valor_icms_total": 88,
		"ven_cpf_comprador": 11733028661,
		"ven_cnpj_comprador": "",
		"funcionarios_fun_id": 5
	},
	{
		"ven_id": 176,
		"ven_data": "10/18/22",
		"ven_valor_final": 105,
		"ven_valor_icms_total": 84,
		"ven_cpf_comprador": 12637502234,
		"ven_cnpj_comprador": "",
		"funcionarios_fun_id": 4
	},
	{
		"ven_id": 177,
		"ven_data": "09/27/22",
		"ven_valor_final": 126,
		"ven_valor_icms_total": 50,
		"ven_cpf_comprador": 13491639657,
		"ven_cnpj_comprador": "Remover",
		"funcionarios_fun_id": 7
	},
	{
		"ven_id": 178,
		"ven_data": "10/18/22",
		"ven_valor_final": 148,
		"ven_valor_icms_total": 59,
		"ven_cpf_comprador": 11819447644,
		"ven_cnpj_comprador": "",
		"funcionarios_fun_id": 5
	},
	{
		"ven_id": 179,
		"ven_data": "09/30/22",
		"ven_valor_final": 131,
		"ven_valor_icms_total": 73,
		"ven_cpf_comprador": 17038832071,
		"ven_cnpj_comprador": "",
		"funcionarios_fun_id": 3
	},
	{
		"ven_id": 180,
		"ven_data": "10/16/22",
		"ven_valor_final": 129,
		"ven_valor_icms_total": 99,
		"ven_cpf_comprador": 12567037637,
		"ven_cnpj_comprador": "",
		"funcionarios_fun_id": 2
	},
	{
		"ven_id": 181,
		"ven_data": "10/03/22",
		"ven_valor_final": 143,
		"ven_valor_icms_total": 53,
		"ven_cpf_comprador": 11843692062,
		"ven_cnpj_comprador": "Remover",
		"funcionarios_fun_id": 5
	},
	{
		"ven_id": 182,
		"ven_data": "10/19/22",
		"ven_valor_final": 126,
		"ven_valor_icms_total": 91,
		"ven_cpf_comprador": 18923057786,
		"ven_cnpj_comprador": "",
		"funcionarios_fun_id": 1
	},
	{
		"ven_id": 183,
		"ven_data": "10/01/22",
		"ven_valor_final": 100,
		"ven_valor_icms_total": 70,
		"ven_cpf_comprador": 14792132251,
		"ven_cnpj_comprador": "Remover",
		"funcionarios_fun_id": 5
	},
	{
		"ven_id": 184,
		"ven_data": "10/08/22",
		"ven_valor_final": 140,
		"ven_valor_icms_total": 55,
		"ven_cpf_comprador": 11117737600,
		"ven_cnpj_comprador": "Remover",
		"funcionarios_fun_id": 3
	},
	{
		"ven_id": 185,
		"ven_data": "09/30/22",
		"ven_valor_final": 111,
		"ven_valor_icms_total": 65,
		"ven_cpf_comprador": 17770815500,
		"ven_cnpj_comprador": "Remover",
		"funcionarios_fun_id": 9
	},
	{
		"ven_id": 186,
		"ven_data": "10/25/22",
		"ven_valor_final": 113,
		"ven_valor_icms_total": 81,
		"ven_cpf_comprador": 13467331988,
		"ven_cnpj_comprador": "",
		"funcionarios_fun_id": 8
	},
	{
		"ven_id": 187,
		"ven_data": "10/18/22",
		"ven_valor_final": 104,
		"ven_valor_icms_total": 83,
		"ven_cpf_comprador": 18553181264,
		"ven_cnpj_comprador": "Remover",
		"funcionarios_fun_id": 6
	},
	{
		"ven_id": 188,
		"ven_data": "10/09/22",
		"ven_valor_final": 123,
		"ven_valor_icms_total": 99,
		"ven_cpf_comprador": 14706385476,
		"ven_cnpj_comprador": "Remover",
		"funcionarios_fun_id": 10
	},
	{
		"ven_id": 189,
		"ven_data": "10/20/22",
		"ven_valor_final": 127,
		"ven_valor_icms_total": 95,
		"ven_cpf_comprador": 18133274470,
		"ven_cnpj_comprador": "Remover",
		"funcionarios_fun_id": 4
	},
	{
		"ven_id": 190,
		"ven_data": "10/07/22",
		"ven_valor_final": 128,
		"ven_valor_icms_total": 96,
		"ven_cpf_comprador": 13787299864,
		"ven_cnpj_comprador": "Remover",
		"funcionarios_fun_id": 7
	},
	{
		"ven_id": 191,
		"ven_data": "09/26/22",
		"ven_valor_final": 116,
		"ven_valor_icms_total": 68,
		"ven_cpf_comprador": 19255445972,
		"ven_cnpj_comprador": "",
		"funcionarios_fun_id": 2
	},
	{
		"ven_id": 192,
		"ven_data": "10/03/22",
		"ven_valor_final": 146,
		"ven_valor_icms_total": 92,
		"ven_cpf_comprador": 11298277188,
		"ven_cnpj_comprador": "Remover",
		"funcionarios_fun_id": 5
	},
	{
		"ven_id": 193,
		"ven_data": "09/25/22",
		"ven_valor_final": 121,
		"ven_valor_icms_total": 98,
		"ven_cpf_comprador": 11755593435,
		"ven_cnpj_comprador": "",
		"funcionarios_fun_id": 9
	},
	{
		"ven_id": 194,
		"ven_data": "10/05/22",
		"ven_valor_final": 124,
		"ven_valor_icms_total": 59,
		"ven_cpf_comprador": 11804141262,
		"ven_cnpj_comprador": "Remover",
		"funcionarios_fun_id": 4
	},
	{
		"ven_id": 195,
		"ven_data": "10/01/22",
		"ven_valor_final": 119,
		"ven_valor_icms_total": 61,
		"ven_cpf_comprador": 18876148242,
		"ven_cnpj_comprador": "Remover",
		"funcionarios_fun_id": 8
	},
	{
		"ven_id": 196,
		"ven_data": "10/19/22",
		"ven_valor_final": 116,
		"ven_valor_icms_total": 94,
		"ven_cpf_comprador": 15754584649,
		"ven_cnpj_comprador": "Remover",
		"funcionarios_fun_id": 7
	},
	{
		"ven_id": 197,
		"ven_data": "10/24/22",
		"ven_valor_final": 109,
		"ven_valor_icms_total": 97,
		"ven_cpf_comprador": 15345936369,
		"ven_cnpj_comprador": "Remover",
		"funcionarios_fun_id": 1
	},
	{
		"ven_id": 198,
		"ven_data": "09/23/22",
		"ven_valor_final": 109,
		"ven_valor_icms_total": 59,
		"ven_cpf_comprador": 15327118869,
		"ven_cnpj_comprador": "Remover",
		"funcionarios_fun_id": 6
	},
	{
		"ven_id": 199,
		"ven_data": "09/29/22",
		"ven_valor_final": 133,
		"ven_valor_icms_total": 77,
		"ven_cpf_comprador": 13215957651,
		"ven_cnpj_comprador": "",
		"funcionarios_fun_id": 6
	},
	{
		"ven_id": 200,
		"ven_data": "10/15/22",
		"ven_valor_final": 101,
		"ven_valor_icms_total": 85,
		"ven_cpf_comprador": 17747081203,
		"ven_cnpj_comprador": "Remover",
		"funcionarios_fun_id": 4
	},
	{
		"ven_id": 201,
		"ven_data": "09/22/22",
		"ven_valor_final": 117,
		"ven_valor_icms_total": 75,
		"ven_cpf_comprador": 12175745748,
		"ven_cnpj_comprador": "Remover",
		"funcionarios_fun_id": 10
	},
	{
		"ven_id": 202,
		"ven_data": "09/23/22",
		"ven_valor_final": 117,
		"ven_valor_icms_total": 96,
		"ven_cpf_comprador": 12735272737,
		"ven_cnpj_comprador": "",
		"funcionarios_fun_id": 6
	},
	{
		"ven_id": 203,
		"ven_data": "10/24/22",
		"ven_valor_final": 102,
		"ven_valor_icms_total": 61,
		"ven_cpf_comprador": 15337511381,
		"ven_cnpj_comprador": "",
		"funcionarios_fun_id": 7
	},
	{
		"ven_id": 204,
		"ven_data": "10/26/22",
		"ven_valor_final": 142,
		"ven_valor_icms_total": 51,
		"ven_cpf_comprador": 13181818461,
		"ven_cnpj_comprador": "Remover",
		"funcionarios_fun_id": 6
	},
	{
		"ven_id": 205,
		"ven_data": "10/10/22",
		"ven_valor_final": 123,
		"ven_valor_icms_total": 73,
		"ven_cpf_comprador": 15768472187,
		"ven_cnpj_comprador": "",
		"funcionarios_fun_id": 5
	},
	{
		"ven_id": 206,
		"ven_data": "10/06/22",
		"ven_valor_final": 128,
		"ven_valor_icms_total": 95,
		"ven_cpf_comprador": 13890344186,
		"ven_cnpj_comprador": "Remover",
		"funcionarios_fun_id": 2
	},
	{
		"ven_id": 207,
		"ven_data": "10/13/22",
		"ven_valor_final": 119,
		"ven_valor_icms_total": 88,
		"ven_cpf_comprador": 17145696681,
		"ven_cnpj_comprador": "",
		"funcionarios_fun_id": 5
	},
	{
		"ven_id": 208,
		"ven_data": "09/24/22",
		"ven_valor_final": 120,
		"ven_valor_icms_total": 85,
		"ven_cpf_comprador": 16857341746,
		"ven_cnpj_comprador": "",
		"funcionarios_fun_id": 6
	},
	{
		"ven_id": 209,
		"ven_data": "10/01/22",
		"ven_valor_final": 140,
		"ven_valor_icms_total": 89,
		"ven_cpf_comprador": 12947463176,
		"ven_cnpj_comprador": "",
		"funcionarios_fun_id": 7
	},
	{
		"ven_id": 210,
		"ven_data": "09/27/22",
		"ven_valor_final": 140,
		"ven_valor_icms_total": 88,
		"ven_cpf_comprador": 11438479953,
		"ven_cnpj_comprador": "Remover",
		"funcionarios_fun_id": 1
	},
	{
		"ven_id": 211,
		"ven_data": "10/16/22",
		"ven_valor_final": 103,
		"ven_valor_icms_total": 77,
		"ven_cpf_comprador": 13186662747,
		"ven_cnpj_comprador": "",
		"funcionarios_fun_id": 1
	},
	{
		"ven_id": 212,
		"ven_data": "09/27/22",
		"ven_valor_final": 126,
		"ven_valor_icms_total": 91,
		"ven_cpf_comprador": 16736688828,
		"ven_cnpj_comprador": "",
		"funcionarios_fun_id": 6
	},
	{
		"ven_id": 213,
		"ven_data": "10/17/22",
		"ven_valor_final": 139,
		"ven_valor_icms_total": 90,
		"ven_cpf_comprador": 16348428464,
		"ven_cnpj_comprador": "",
		"funcionarios_fun_id": 9
	},
	{
		"ven_id": 214,
		"ven_data": "09/25/22",
		"ven_valor_final": 124,
		"ven_valor_icms_total": 57,
		"ven_cpf_comprador": 12731666927,
		"ven_cnpj_comprador": "Remover",
		"funcionarios_fun_id": 3
	},
	{
		"ven_id": 215,
		"ven_data": "10/05/22",
		"ven_valor_final": 101,
		"ven_valor_icms_total": 93,
		"ven_cpf_comprador": 11827828068,
		"ven_cnpj_comprador": "",
		"funcionarios_fun_id": 4
	},
	{
		"ven_id": 216,
		"ven_data": "09/22/22",
		"ven_valor_final": 111,
		"ven_valor_icms_total": 77,
		"ven_cpf_comprador": 10956338254,
		"ven_cnpj_comprador": "",
		"funcionarios_fun_id": 5
	},
	{
		"ven_id": 217,
		"ven_data": "10/25/22",
		"ven_valor_final": 119,
		"ven_valor_icms_total": 96,
		"ven_cpf_comprador": 11404568315,
		"ven_cnpj_comprador": "Remover",
		"funcionarios_fun_id": 7
	},
	{
		"ven_id": 218,
		"ven_data": "10/04/22",
		"ven_valor_final": 110,
		"ven_valor_icms_total": 80,
		"ven_cpf_comprador": 12775672685,
		"ven_cnpj_comprador": "Remover",
		"funcionarios_fun_id": 6
	},
	{
		"ven_id": 219,
		"ven_data": "10/21/22",
		"ven_valor_final": 136,
		"ven_valor_icms_total": 81,
		"ven_cpf_comprador": 16382434138,
		"ven_cnpj_comprador": "Remover",
		"funcionarios_fun_id": 7
	},
	{
		"ven_id": 220,
		"ven_data": "10/21/22",
		"ven_valor_final": 119,
		"ven_valor_icms_total": 89,
		"ven_cpf_comprador": 15346672645,
		"ven_cnpj_comprador": "Remover",
		"funcionarios_fun_id": 2
	},
	{
		"ven_id": 221,
		"ven_data": "10/24/22",
		"ven_valor_final": 116,
		"ven_valor_icms_total": 59,
		"ven_cpf_comprador": 14615671194,
		"ven_cnpj_comprador": "Remover",
		"funcionarios_fun_id": 8
	},
	{
		"ven_id": 222,
		"ven_data": "10/08/22",
		"ven_valor_final": 117,
		"ven_valor_icms_total": 58,
		"ven_cpf_comprador": 16861743783,
		"ven_cnpj_comprador": "Remover",
		"funcionarios_fun_id": 8
	},
	{
		"ven_id": 223,
		"ven_data": "10/21/22",
		"ven_valor_final": 106,
		"ven_valor_icms_total": 72,
		"ven_cpf_comprador": 18482587053,
		"ven_cnpj_comprador": "",
		"funcionarios_fun_id": 2
	},
	{
		"ven_id": 224,
		"ven_data": "10/08/22",
		"ven_valor_final": 111,
		"ven_valor_icms_total": 61,
		"ven_cpf_comprador": 17319512853,
		"ven_cnpj_comprador": "Remover",
		"funcionarios_fun_id": 3
	},
	{
		"ven_id": 225,
		"ven_data": "10/05/22",
		"ven_valor_final": 123,
		"ven_valor_icms_total": 76,
		"ven_cpf_comprador": 13326746101,
		"ven_cnpj_comprador": "",
		"funcionarios_fun_id": 5
	},
	{
		"ven_id": 226,
		"ven_data": "09/29/22",
		"ven_valor_final": 112,
		"ven_valor_icms_total": 97,
		"ven_cpf_comprador": 15024877347,
		"ven_cnpj_comprador": "Remover",
		"funcionarios_fun_id": 6
	},
	{
		"ven_id": 227,
		"ven_data": "10/03/22",
		"ven_valor_final": 124,
		"ven_valor_icms_total": 89,
		"ven_cpf_comprador": 16052137250,
		"ven_cnpj_comprador": "",
		"funcionarios_fun_id": 6
	},
	{
		"ven_id": 228,
		"ven_data": "10/25/22",
		"ven_valor_final": 147,
		"ven_valor_icms_total": 65,
		"ven_cpf_comprador": 16964086686,
		"ven_cnpj_comprador": "Remover",
		"funcionarios_fun_id": 2
	},
	{
		"ven_id": 229,
		"ven_data": "09/24/22",
		"ven_valor_final": 105,
		"ven_valor_icms_total": 62,
		"ven_cpf_comprador": 16216817202,
		"ven_cnpj_comprador": "Remover",
		"funcionarios_fun_id": 9
	},
	{
		"ven_id": 230,
		"ven_data": "10/04/22",
		"ven_valor_final": 108,
		"ven_valor_icms_total": 70,
		"ven_cpf_comprador": 13393081314,
		"ven_cnpj_comprador": "Remover",
		"funcionarios_fun_id": 3
	},
	{
		"ven_id": 231,
		"ven_data": "10/15/22",
		"ven_valor_final": 137,
		"ven_valor_icms_total": 91,
		"ven_cpf_comprador": 14862941182,
		"ven_cnpj_comprador": "",
		"funcionarios_fun_id": 5
	},
	{
		"ven_id": 232,
		"ven_data": "10/21/22",
		"ven_valor_final": 101,
		"ven_valor_icms_total": 51,
		"ven_cpf_comprador": 17383853575,
		"ven_cnpj_comprador": "",
		"funcionarios_fun_id": 6
	},
	{
		"ven_id": 233,
		"ven_data": "09/22/22",
		"ven_valor_final": 112,
		"ven_valor_icms_total": 51,
		"ven_cpf_comprador": 16060339048,
		"ven_cnpj_comprador": "Remover",
		"funcionarios_fun_id": 8
	},
	{
		"ven_id": 234,
		"ven_data": "10/11/22",
		"ven_valor_final": 147,
		"ven_valor_icms_total": 55,
		"ven_cpf_comprador": 14678840714,
		"ven_cnpj_comprador": "Remover",
		"funcionarios_fun_id": 7
	},
	{
		"ven_id": 235,
		"ven_data": "10/19/22",
		"ven_valor_final": 106,
		"ven_valor_icms_total": 56,
		"ven_cpf_comprador": 13495387787,
		"ven_cnpj_comprador": "Remover",
		"funcionarios_fun_id": 1
	},
	{
		"ven_id": 236,
		"ven_data": "10/23/22",
		"ven_valor_final": 150,
		"ven_valor_icms_total": 67,
		"ven_cpf_comprador": 10062926774,
		"ven_cnpj_comprador": "",
		"funcionarios_fun_id": 2
	},
	{
		"ven_id": 237,
		"ven_data": "10/10/22",
		"ven_valor_final": 115,
		"ven_valor_icms_total": 85,
		"ven_cpf_comprador": 16428616726,
		"ven_cnpj_comprador": "Remover",
		"funcionarios_fun_id": 6
	},
	{
		"ven_id": 238,
		"ven_data": "09/26/22",
		"ven_valor_final": 118,
		"ven_valor_icms_total": 70,
		"ven_cpf_comprador": 12166148036,
		"ven_cnpj_comprador": "Remover",
		"funcionarios_fun_id": 9
	},
	{
		"ven_id": 239,
		"ven_data": "09/28/22",
		"ven_valor_final": 130,
		"ven_valor_icms_total": 85,
		"ven_cpf_comprador": 11131844658,
		"ven_cnpj_comprador": "",
		"funcionarios_fun_id": 10
	},
	{
		"ven_id": 240,
		"ven_data": "10/10/22",
		"ven_valor_final": 117,
		"ven_valor_icms_total": 55,
		"ven_cpf_comprador": 13192768220,
		"ven_cnpj_comprador": "Remover",
		"funcionarios_fun_id": 10
	},
	{
		"ven_id": 241,
		"ven_data": "10/16/22",
		"ven_valor_final": 106,
		"ven_valor_icms_total": 83,
		"ven_cpf_comprador": 13400693771,
		"ven_cnpj_comprador": "",
		"funcionarios_fun_id": 9
	},
	{
		"ven_id": 242,
		"ven_data": "10/14/22",
		"ven_valor_final": 137,
		"ven_valor_icms_total": 54,
		"ven_cpf_comprador": 16053759958,
		"ven_cnpj_comprador": "Remover",
		"funcionarios_fun_id": 7
	},
	{
		"ven_id": 243,
		"ven_data": "10/02/22",
		"ven_valor_final": 135,
		"ven_valor_icms_total": 82,
		"ven_cpf_comprador": 12546431101,
		"ven_cnpj_comprador": "Remover",
		"funcionarios_fun_id": 8
	},
	{
		"ven_id": 244,
		"ven_data": "10/18/22",
		"ven_valor_final": 148,
		"ven_valor_icms_total": 85,
		"ven_cpf_comprador": 15895687423,
		"ven_cnpj_comprador": "Remover",
		"funcionarios_fun_id": 7
	},
	{
		"ven_id": 245,
		"ven_data": "10/13/22",
		"ven_valor_final": 122,
		"ven_valor_icms_total": 75,
		"ven_cpf_comprador": 12341505833,
		"ven_cnpj_comprador": "Remover",
		"funcionarios_fun_id": 7
	},
	{
		"ven_id": 246,
		"ven_data": "10/05/22",
		"ven_valor_final": 142,
		"ven_valor_icms_total": 82,
		"ven_cpf_comprador": 17818226508,
		"ven_cnpj_comprador": "Remover",
		"funcionarios_fun_id": 2
	},
	{
		"ven_id": 247,
		"ven_data": "09/26/22",
		"ven_valor_final": 132,
		"ven_valor_icms_total": 78,
		"ven_cpf_comprador": 14705722163,
		"ven_cnpj_comprador": "Remover",
		"funcionarios_fun_id": 1
	},
	{
		"ven_id": 248,
		"ven_data": "10/07/22",
		"ven_valor_final": 129,
		"ven_valor_icms_total": 51,
		"ven_cpf_comprador": 18471583094,
		"ven_cnpj_comprador": "Remover",
		"funcionarios_fun_id": 8
	},
	{
		"ven_id": 249,
		"ven_data": "10/18/22",
		"ven_valor_final": 104,
		"ven_valor_icms_total": 51,
		"ven_cpf_comprador": 16368723843,
		"ven_cnpj_comprador": "",
		"funcionarios_fun_id": 4
	},
	{
		"ven_id": 250,
		"ven_data": "10/10/22",
		"ven_valor_final": 122,
		"ven_valor_icms_total": 97,
		"ven_cpf_comprador": 12761192024,
		"ven_cnpj_comprador": "",
		"funcionarios_fun_id": 2
	}
]