<?xml version = '1.0' encoding = 'UTF-8'?>
<Table class="oracle.dbtools.crest.model.design.relational.Table" directorySegmentName="seg_0" id="7F9B016F-6066-2300-42C4-4B66F1C60389" name="Livros">
<createdBy>root</createdBy>
<createdTime>2021-08-12 00:53:07 UTC</createdTime>
<comment><![CDATA[Esta tabela armazena dados referentes aos livros]]></comment>
<generatorID>7BBF5C40-FAF4-DB04-C5BC-A13D8030643D</generatorID>
<ownerDesignName>atividade_lab_banco</ownerDesignName>
<allowColumnReorder>false</allowColumnReorder>
<existDependencyGenerateInDDl>true</existDependencyGenerateInDDl>
<parsed>true</parsed>
<columns itemClass="oracle.dbtools.crest.model.design.relational.Column">
<Column name="lvr_id" id="6930C2AE-8334-F2BD-0704-A175CC530451">
<createdBy>root</createdBy>
<createdTime>2021-08-12 00:53:07 UTC</createdTime>
<comment><![CDATA[Esta coluna é a primary key da relação.]]></comment>
<commentInRDBMS><![CDATA[Esta coluna é a primary key da relação.]]></commentInRDBMS>
<generatorID>43C456C1-E94D-001E-A957-047B3252AE56</generatorID>
<ownerDesignName>atividade_lab_banco</ownerDesignName>
<useDomainConstraints>false</useDomainConstraints>
<use>1</use>
<logicalDatatype>LOGDT019</logicalDatatype>
<dataTypePrecision>6</dataTypePrecision>
<ownDataTypeParameters>,6,</ownDataTypeParameters>
<autoIncrementColumn>true</autoIncrementColumn>
<autoIncrementCycle>false</autoIncrementCycle>
<autoIncrementSequenceName>seq_lvr</autoIncrementSequenceName>
<autoIncrementTriggerName>tg_seq_lvr</autoIncrementTriggerName>
</Column>
<Column name="lvr_preco_capa" id="ED3379D3-689D-D62A-C3FF-5FA5879F2E78">
<createdBy>root</createdBy>
<createdTime>2021-08-12 00:53:07 UTC</createdTime>
<comment><![CDATA[Esta coluna armazena o preço de capa do livro.]]></comment>
<commentInRDBMS><![CDATA[Esta coluna armazena o preço de capa do livro.]]></commentInRDBMS>
<generatorID>CA9AC2FF-D526-2D6E-6617-6AAC2EC431DB</generatorID>
<ownerDesignName>atividade_lab_banco</ownerDesignName>
<useDomainConstraints>false</useDomainConstraints>
<use>1</use>
<logicalDatatype>LOGDT043</logicalDatatype>
<dataTypePrecision>8</dataTypePrecision>
<dataTypeScale>2</dataTypeScale>
<ownDataTypeParameters>,8,2</ownDataTypeParameters>
<autoIncrementCycle>false</autoIncrementCycle>
</Column>
<Column name="lvr_preco_venda" id="AC2D6DF6-C3C2-E2F6-D4B9-2AC03083F02D">
<createdBy>root</createdBy>
<createdTime>2021-08-12 00:53:07 UTC</createdTime>
<comment><![CDATA[Esta coluna armazena o preço de venda]]></comment>
<commentInRDBMS><![CDATA[Esta coluna armazena o preço de venda]]></commentInRDBMS>
<generatorID>E79C92F2-EC4A-0150-74CD-56A011DCB105</generatorID>
<ownerDesignName>atividade_lab_banco</ownerDesignName>
<useDomainConstraints>false</useDomainConstraints>
<use>1</use>
<logicalDatatype>LOGDT043</logicalDatatype>
<dataTypePrecision>8</dataTypePrecision>
<dataTypeScale>2</dataTypeScale>
<ownDataTypeParameters>,8,2</ownDataTypeParameters>
<autoIncrementCycle>false</autoIncrementCycle>
</Column>
<Column name="lvr_nome" id="C309D6F0-EDB1-30E5-6332-D1945AA4046D">
<createdBy>root</createdBy>
<createdTime>2021-08-12 00:53:07 UTC</createdTime>
<comment><![CDATA[Esta coluna armazena o nome dos livros.]]></comment>
<commentInRDBMS><![CDATA[Esta coluna armazena o nome dos livros.]]></commentInRDBMS>
<generatorID>C45D7910-88EB-7D82-EC25-7180F8704D5C</generatorID>
<ownerDesignName>atividade_lab_banco</ownerDesignName>
<useDomainConstraints>false</useDomainConstraints>
<use>1</use>
<logicalDatatype>LOGDT024</logicalDatatype>
<dataTypeSize>50 CHAR</dataTypeSize>
<ownDataTypeParameters>50 CHAR,,</ownDataTypeParameters>
<autoIncrementCycle>false</autoIncrementCycle>
</Column>
</columns>
<indexes itemClass="oracle.dbtools.crest.model.design.relational.Index">
<ind_PK_UK id="A22BCC34-60D1-9B45-3A4A-ACFF6A603797" name="Livros_PK">
<createdBy>root</createdBy>
<createdTime>2021-08-12 00:53:07 UTC</createdTime>
<generatorID>747C6088-5BFE-B786-F650-79BE84DFAA86</generatorID>
<ownerDesignName>atividade_lab_banco</ownerDesignName>
<pk>true</pk>
<indexState>Primary Constraint</indexState>
<isSurrogateKey>false</isSurrogateKey>
<indexColumnUsage>
<colUsage columnID="6930C2AE-8334-F2BD-0704-A175CC530451"/>
</indexColumnUsage>
</ind_PK_UK>
</indexes>
</Table>