<?xml version = '1.0' encoding = 'UTF-8'?>
<Table class="oracle.dbtools.crest.model.design.relational.Table" directorySegmentName="seg_0" id="9382F96A-C597-ED9A-5468-CE333E255238" name="Vendas_Livros">
<createdBy>root</createdBy>
<createdTime>2021-08-12 00:53:07 UTC</createdTime>
<comment><![CDATA[Esta tabela armazena dados referentes às relações entre as tabelas Vendas e Livros.]]></comment>
<ownerDesignName>atividade_lab_banco</ownerDesignName>
<ordsAlias>relation_6</ordsAlias>
<allowColumnReorder>false</allowColumnReorder>
<existDependencyGenerateInDDl>true</existDependencyGenerateInDDl>
<parsed>true</parsed>
<columns itemClass="oracle.dbtools.crest.model.design.relational.Column">
<Column name="Livros_lvr_id" id="6D9AA6F8-5EF9-76AB-1A80-A229B8957F17">
<createdBy>root</createdBy>
<createdTime>2021-08-12 00:53:07 UTC</createdTime>
<comment><![CDATA[Esta coluna armazena a primary key (lvr_id) da tabela de Livros.]]></comment>
<ownerDesignName>atividade_lab_banco</ownerDesignName>
<useDomainConstraints>false</useDomainConstraints>
<use>1</use>
<logicalDatatype>LOGDT019</logicalDatatype>
<dataTypePrecision>6</dataTypePrecision>
<ownDataTypeParameters>,,</ownDataTypeParameters>
<previousColumn>false</previousColumn>
<autoIncrementCycle>false</autoIncrementCycle>
<associations>
<colAssociation fkAssociation="DF066F9D-4B71-0CEC-6307-CF854E5FD713" referredColumn="6930C2AE-8334-F2BD-0704-A175CC530451"/>
</associations>
</Column>
<Column name="Vendas_id_ven" id="E78E0900-4C77-18B6-B1B5-963E7BE64902">
<createdBy>root</createdBy>
<createdTime>2021-08-12 00:53:07 UTC</createdTime>
<comment><![CDATA[Esta coluna armazena a primary key (ven_id) da tabela de Vendas.]]></comment>
<ownerDesignName>atividade_lab_banco</ownerDesignName>
<useDomainConstraints>false</useDomainConstraints>
<use>1</use>
<logicalDatatype>LOGDT019</logicalDatatype>
<dataTypePrecision>6</dataTypePrecision>
<ownDataTypeParameters>,,</ownDataTypeParameters>
<previousColumn>false</previousColumn>
<autoIncrementCycle>false</autoIncrementCycle>
<associations>
<colAssociation fkAssociation="6450E4F1-6269-658F-25AC-8AA1B84D4564" referredColumn="A8514E61-DE71-185E-45B5-B1A8CB0303E0"/>
</associations>
</Column>
<Column name="ven_valor_icms_unitario" id="20EBC9F1-D489-29BE-48D0-E9A3E3D4EB84">
<createdBy>root</createdBy>
<createdTime>2021-08-13 18:56:11 UTC</createdTime>
<comment><![CDATA[Esta coluna armazena o valor unitário de Imposto sobre Circulação de Mercadorias e Serviços.]]></comment>
<generatorID>D3A9C2B6-73CD-8BC8-5AFB-5DE54679F13E</generatorID>
<ownerDesignName>atividade_lab_banco</ownerDesignName>
<useDomainConstraints>false</useDomainConstraints>
<use>1</use>
<logicalDatatype>LOGDT043</logicalDatatype>
<dataTypePrecision>8</dataTypePrecision>
<dataTypeScale>2</dataTypeScale>
<ownDataTypeParameters>,8,2</ownDataTypeParameters>
<autoIncrementCycle>false</autoIncrementCycle>
<isRelationshipColumn>true</isRelationshipColumn>
</Column>
</columns>
<indexes itemClass="oracle.dbtools.crest.model.design.relational.Index">
<ind_PK_UK id="B0D32A13-1216-3A64-BA15-8C75FF666A4C" name="Relation_6_PK">
<createdBy>root</createdBy>
<createdTime>2021-08-12 00:53:07 UTC</createdTime>
<ownerDesignName>atividade_lab_banco</ownerDesignName>
<pk>true</pk>
<indexState>Primary Constraint</indexState>
<isSurrogateKey>false</isSurrogateKey>
<indexColumnUsage>
<colUsage columnID="6D9AA6F8-5EF9-76AB-1A80-A229B8957F17"/>
<colUsage columnID="E78E0900-4C77-18B6-B1B5-963E7BE64902"/>
</indexColumnUsage>
</ind_PK_UK>
<ind_PK_UK id="5DF04329-B14C-76F9-0693-3C6D63D36EA2" name="Relation_6_Livros_FK">
<createdBy>root</createdBy>
<createdTime>2021-08-12 00:53:07 UTC</createdTime>
<generatorID>CF624CA6-0A4C-8E4D-8740-CCB86C368E31</generatorID>
<ownerDesignName>atividade_lab_banco</ownerDesignName>
<indexState>Foreign Key</indexState>
<isSurrogateKey>false</isSurrogateKey>
<indexColumnUsage>
<colUsage columnID="6D9AA6F8-5EF9-76AB-1A80-A229B8957F17"/>
</indexColumnUsage>
</ind_PK_UK>
<ind_PK_UK id="3E5726C0-CCB3-1D36-56C5-4CB9E0D9E043" name="Relation_6_Vendas_FK">
<createdBy>root</createdBy>
<createdTime>2021-08-12 00:53:07 UTC</createdTime>
<generatorID>CF624CA6-0A4C-8E4D-8740-CCB86C368E31</generatorID>
<ownerDesignName>atividade_lab_banco</ownerDesignName>
<indexState>Foreign Key</indexState>
<isSurrogateKey>false</isSurrogateKey>
<indexColumnUsage>
<colUsage columnID="E78E0900-4C77-18B6-B1B5-963E7BE64902"/>
</indexColumnUsage>
</ind_PK_UK>
</indexes>
</Table>