<?xml version = '1.0' encoding = 'UTF-8'?>
<Table class="oracle.dbtools.crest.model.design.relational.Table" directorySegmentName="seg_0" id="CDE6DFF4-071E-BA1C-C36D-3E442865F1BD" name="Livros_Categorias">
<createdBy>root</createdBy>
<createdTime>2021-08-13 18:56:10 UTC</createdTime>
<comment><![CDATA[Esta tabela armazena dados referentes às relações entre as tabelas Livros e Categorias.]]></comment>
<ownerDesignName>atividade_lab_banco</ownerDesignName>
<ordsAlias>relation_1</ordsAlias>
<allowColumnReorder>false</allowColumnReorder>
<existDependencyGenerateInDDl>true</existDependencyGenerateInDDl>
<parsed>true</parsed>
<columns itemClass="oracle.dbtools.crest.model.design.relational.Column">
<Column name="Livros_lvr_id" id="920B5E00-E087-A328-7824-F5110339476C">
<createdBy>root</createdBy>
<createdTime>2021-08-13 18:56:10 UTC</createdTime>
<comment><![CDATA[Esta coluna é uma pf da relação Livros-Categorias.]]></comment>
<ownerDesignName>atividade_lab_banco</ownerDesignName>
<useDomainConstraints>false</useDomainConstraints>
<use>1</use>
<logicalDatatype>LOGDT019</logicalDatatype>
<dataTypePrecision>6</dataTypePrecision>
<ownDataTypeParameters>,,</ownDataTypeParameters>
<previousColumn>false</previousColumn>
<autoIncrementCycle>false</autoIncrementCycle>
<associations>
<colAssociation fkAssociation="CF1C36FA-4CB3-B5AE-4773-E10DDC31D904" referredColumn="6930C2AE-8334-F2BD-0704-A175CC530451"/>
</associations>
</Column>
<Column name="Categorias_cat_id" id="28682604-48C3-D38B-D558-502C75F8903E">
<createdBy>root</createdBy>
<createdTime>2021-08-13 18:56:10 UTC</createdTime>
<comment><![CDATA[Esta coluna é uma pf da relação Livros-Categorias.]]></comment>
<ownerDesignName>atividade_lab_banco</ownerDesignName>
<useDomainConstraints>false</useDomainConstraints>
<use>1</use>
<logicalDatatype>LOGDT019</logicalDatatype>
<dataTypePrecision>6</dataTypePrecision>
<ownDataTypeParameters>,,</ownDataTypeParameters>
<previousColumn>false</previousColumn>
<autoIncrementCycle>false</autoIncrementCycle>
<associations>
<colAssociation fkAssociation="E69906A2-F52E-3A99-376E-4E961D9FAAA1" referredColumn="C9DCD76E-65BE-6720-E6F8-269A4B58C6E1"/>
</associations>
</Column>
</columns>
<indexes itemClass="oracle.dbtools.crest.model.design.relational.Index">
<ind_PK_UK id="1E50CCA9-A8E8-9D83-EFC4-6DBB4F7AD94C" name="Relation_1_PK">
<createdBy>root</createdBy>
<createdTime>2021-08-13 18:56:10 UTC</createdTime>
<ownerDesignName>atividade_lab_banco</ownerDesignName>
<pk>true</pk>
<indexState>Primary Constraint</indexState>
<isSurrogateKey>false</isSurrogateKey>
<indexColumnUsage>
<colUsage columnID="920B5E00-E087-A328-7824-F5110339476C"/>
<colUsage columnID="28682604-48C3-D38B-D558-502C75F8903E"/>
</indexColumnUsage>
</ind_PK_UK>
<ind_PK_UK id="3B8F15EA-4627-C8D3-7B53-A649A484226B" name="Relation_1_Livros_FK">
<createdBy>root</createdBy>
<createdTime>2021-08-13 18:56:10 UTC</createdTime>
<generatorID>B4F696D9-1160-BB64-050D-6D28CF8188C2</generatorID>
<ownerDesignName>atividade_lab_banco</ownerDesignName>
<indexState>Foreign Key</indexState>
<isSurrogateKey>false</isSurrogateKey>
<indexColumnUsage>
<colUsage columnID="920B5E00-E087-A328-7824-F5110339476C"/>
</indexColumnUsage>
</ind_PK_UK>
<ind_PK_UK id="29D9DEE9-9F6F-9EBC-7AD4-605A06D66455" name="Relation_1_Categorias_FK">
<createdBy>root</createdBy>
<createdTime>2021-08-13 18:56:10 UTC</createdTime>
<generatorID>B4F696D9-1160-BB64-050D-6D28CF8188C2</generatorID>
<ownerDesignName>atividade_lab_banco</ownerDesignName>
<indexState>Foreign Key</indexState>
<isSurrogateKey>false</isSurrogateKey>
<indexColumnUsage>
<colUsage columnID="28682604-48C3-D38B-D558-502C75F8903E"/>
</indexColumnUsage>
</ind_PK_UK>
</indexes>
</Table>